gender,race/ethnicity,parental level of education,lunch,test preparation course,math score,reading score,writing score
female,group B,bachelor's degree,standard,none,72,72,74
female,group C,some college,standard,completed,69,90,88
female,group B,master's degree,standard,none,90,95,93
male,group A,associate's degree,free/reduced,none,47,57,44
male,group C,some college,standard,none,76,78,75
female,group B,associate's degree,standard,none,71,83,78
female,group B,some college,standard,completed,88,95,92
male,group B,some college,free/reduced,none,40,43,39
male,group D,high school,free/reduced,completed,64,64,67
female,group B,high school,free/reduced,none,38,60,50
male,group C,associate's degree,standard,none,58,54,52
male,group D,associate's degree,standard,none,40,52,43
female,group B,high school,standard,none,65,81,73
female,group A,some college,standard,completed,78,72,70
male,group C,bachelor's degree,standard,none,50,53,58
female,group C,some college,standard,none,69,75,78
male,group D,bachelor's degree,standard,none,88,89,86
female,group A,master's degree,standard,none,18,32,28
female,group C,associate's degree,free/reduced,none,46,42,46
female,group D,high school,free/reduced,none,54,52,53
male,group C,some college,standard,none,66,68,67
female,group D,associate's degree,standard,completed,95,93,96
female,group B,high school,standard,none,78,81,78
male,group A,high school,free/reduced,none,63,65,65
female,group A,some college,standard,completed,75,84,79
male,group B,bachelor's degree,standard,none,58,61,54
female,group C,associate's degree,standard,none,87,93,91
male,group D,some college,standard,none,76,83,75
female,group B,some college,standard,completed,94,93,96
male,group C,high school,free/reduced,none,47,52,53
female,group C,master's degree,standard,none,82,87,86
male,group D,bachelor's degree,standard,none,81,78,78
female,group B,associate's degree,standard,none,65,81,81
male,group A,some college,free/reduced,none,43,41,39
female,group D,high school,standard,none,87,90,91
male,group B,some college,standard,none,69,54,56
female,group C,bachelor's degree,standard,completed,96,100,100
male,group D,associate's degree,standard,none,67,76,77
female,group B,high school,standard,none,76,70,71
male,group C,some college,standard,none,78,77,70
female,group D,bachelor's degree,standard,completed,100,100,93
male,group A,high school,free/reduced,none,26,33,26
female,group C,associate's degree,standard,none,85,92,93
male,group B,some college,standard,none,46,42,42
female,group D,some college,standard,none,62,72,74
male,group C,bachelor's degree,standard,none,58,69,65
female,group A,some college,standard,completed,57,76,77
male,group D,high school,standard,none,87,84,87
female,group B,associate's degree,standard,none,74,90,88
male,group C,some college,standard,none,53,58,53
female,group D,bachelor's degree,standard,completed,76,94,89
male,group A,high school,free/reduced,none,32,43,34
female,group C,some college,standard,none,96,100,87
male,group B,bachelor's degree,standard,none,59,47,57
female,group D,associate's degree,standard,none,87,100,94
male,group C,high school,free/reduced,none,45,49,55
female,group B,some college,standard,completed,87,87,86
male,group D,some college,standard,none,75,90,87
female,group A,master's degree,standard,none,76,97,81
male,group B,high school,standard,none,62,55,49
female,group C,bachelor's degree,standard,completed,87,96,91
male,group D,associate's degree,standard,none,69,78,72
female,group B,some college,standard,none,63,56,48
male,group C,high school,free/reduced,none,41,43,41
female,group D,bachelor's degree,standard,completed,82,90,90
male,group A,some college,free/reduced,none,44,52,49
female,group C,associate's degree,standard,none,75,88,89
male,group B,bachelor's degree,standard,none,57,53,54
female,group D,some college,standard,none,83,94,93
male,group C,high school,free/reduced,none,44,38,42
female,group B,associate's degree,standard,completed,81,90,93
male,group D,bachelor's degree,standard,none,69,74,76
female,group A,some college,standard,none,67,69,66
male,group C,high school,standard,none,59,67,61
female,group D,bachelor's degree,standard,completed,92,91,87
male,group B,associate's degree,standard,none,55,61,49
female,group C,some college,standard,none,48,67,73
male,group D,high school,free/reduced,none,65,77,74
female,group B,bachelor's degree,standard,completed,86,87,88
male,group A,high school,free/reduced,none,39,44,39
female,group C,associate's degree,standard,none,84,96,94
male,group B,some college,standard,none,54,58,52
female,group D,bachelor's degree,standard,none,89,93,90
male,group C,high school,free/reduced,none,17,29,25
female,group B,associate's degree,standard,completed,82,86,90
male,group D,some college,standard,none,85,85,82
female,group A,master's degree,standard,none,99,87,81
male,group B,high school,standard,none,48,64,55
female,group C,bachelor's degree,standard,completed,78,86,86
male,group D,associate's degree,standard,none,52,61,61
female,group B,some college,standard,none,81,80,75
male,group C,high school,free/reduced,none,23,37,32
female,group D,bachelor's degree,standard,completed,58,87,86
male,group A,some college,free/reduced,none,50,53,58
female,group C,associate's degree,standard,none,78,92,93
male,group B,bachelor's degree,standard,none,63,69,63
female,group D,some college,standard,none,76,89,83
male,group C,high school,standard,none,64,59,65
female,group B,associate's degree,standard,completed,95,100,94
male,group D,bachelor's degree,standard,none,74,79,83
female,group A,some college,standard,none,69,77,74
male,group C,high school,free/reduced,none,29,42,38
female,group D,bachelor's degree,standard,completed,67,88,81
male,group B,associate's degree,standard,none,56,46,44
female,group C,some college,standard,none,87,100,94
