{
"meta":{"test_sets":[],"test_metrics":[],"learn_metrics":[{"best_value":"Min","name":"RMSE"}],"launch_mode":"Train","parameters":"","iteration_count":100,"learn_sets":["learn"],"name":"experiment"},
"iterations":[
{"learn":[14.005006],"iteration":0,"passed_time":0.000686061848,"remaining_time":0.06792012295},
{"learn":[13.14441192],"iteration":1,"passed_time":0.001289128685,"remaining_time":0.06316730558},
{"learn":[12.34258257],"iteration":2,"passed_time":0.001908083802,"remaining_time":0.06169470961},
{"learn":[11.64527793],"iteration":3,"passed_time":0.002332787964,"remaining_time":0.05598691113},
{"learn":[11.02766183],"iteration":4,"passed_time":0.00288592783,"remaining_time":0.05483262878},
{"learn":[10.43485794],"iteration":5,"passed_time":0.003455101009,"remaining_time":0.05412991581},
{"learn":[9.890641275],"iteration":6,"passed_time":0.004074684287,"remaining_time":0.05413509124},
{"learn":[9.492161212],"iteration":7,"passed_time":0.004628484962,"remaining_time":0.05322757706},
{"learn":[9.105082953],"iteration":8,"passed_time":0.005194086951,"remaining_time":0.05251799028},
{"learn":[8.674157135],"iteration":9,"passed_time":0.005778259693,"remaining_time":0.05200433724},
{"learn":[8.341743544],"iteration":10,"passed_time":0.006363210338,"remaining_time":0.05148415637},
{"learn":[8.049372916],"iteration":11,"passed_time":0.00693912847,"remaining_time":0.05088694212},
{"learn":[7.757318612],"iteration":12,"passed_time":0.007533147728,"remaining_time":0.05041414248},
{"learn":[7.522206899],"iteration":13,"passed_time":0.008189980188,"remaining_time":0.0503098783},
{"learn":[7.297756655],"iteration":14,"passed_time":0.008726178876,"remaining_time":0.04944834697},
{"learn":[7.088359431],"iteration":15,"passed_time":0.009299634281,"remaining_time":0.04882307998},
{"learn":[6.882113791],"iteration":16,"passed_time":0.009883094732,"remaining_time":0.04825275663},
{"learn":[6.704728832],"iteration":17,"passed_time":0.01048594559,"remaining_time":0.04776930769},
{"learn":[6.563881962],"iteration":18,"passed_time":0.01107175356,"remaining_time":0.04720063359},
{"learn":[6.418790279],"iteration":19,"passed_time":0.01163865707,"remaining_time":0.04655462829},
{"learn":[6.315756953],"iteration":20,"passed_time":0.01227821717,"remaining_time":0.04618948363},
{"learn":[6.210157751],"iteration":21,"passed_time":0.01289220884,"remaining_time":0.04570874045},
{"learn":[6.115058449],"iteration":22,"passed_time":0.01349750893,"remaining_time":0.04518731251},
{"learn":[6.014819884],"iteration":23,"passed_time":0.01408850134,"remaining_time":0.04461358758},
{"learn":[5.93117229],"iteration":24,"passed_time":0.01458737896,"remaining_time":0.04376213687},
{"learn":[5.844857622],"iteration":25,"passed_time":0.01508976404,"remaining_time":0.04294778996},
{"learn":[5.771145213],"iteration":26,"passed_time":0.01563419128,"remaining_time":0.04227022087},
{"learn":[5.704018229],"iteration":27,"passed_time":0.01613308585,"remaining_time":0.0414850779},
{"learn":[5.665806474],"iteration":28,"passed_time":0.01662192734,"remaining_time":0.04069506349},
{"learn":[5.616500369],"iteration":29,"passed_time":0.01715932459,"remaining_time":0.04003842404},
{"learn":[5.558023666],"iteration":30,"passed_time":0.01763276595,"remaining_time":0.03924712422},
{"learn":[5.510080976],"iteration":31,"passed_time":0.01812243997,"remaining_time":0.03851018493},
{"learn":[5.468747792],"iteration":32,"passed_time":0.01858747447,"remaining_time":0.03773820574},
{"learn":[5.429275534],"iteration":33,"passed_time":0.01905429143,"remaining_time":0.03698774218},
{"learn":[5.402117324],"iteration":34,"passed_time":0.01950896583,"remaining_time":0.03623093655},
{"learn":[5.367635151],"iteration":35,"passed_time":0.01997851549,"remaining_time":0.03551736087},
{"learn":[5.345181232],"iteration":36,"passed_time":0.02048276998,"remaining_time":0.03487606781},
{"learn":[5.319151269],"iteration":37,"passed_time":0.0210456129,"remaining_time":0.03433757894},
{"learn":[5.296134146],"iteration":38,"passed_time":0.02152000639,"remaining_time":0.03365949718},
{"learn":[5.269629003],"iteration":39,"passed_time":0.02199227431,"remaining_time":0.03298841147},
{"learn":[5.251147059],"iteration":40,"passed_time":0.02245669227,"remaining_time":0.0323157279},
{"learn":[5.248003302],"iteration":41,"passed_time":0.02266215405,"remaining_time":0.03129535559},
{"learn":[5.232376509],"iteration":42,"passed_time":0.02310777617,"remaining_time":0.03063123817},
{"learn":[5.213524255],"iteration":43,"passed_time":0.02361913819,"remaining_time":0.03006072134},
{"learn":[5.189691584],"iteration":44,"passed_time":0.02410722156,"remaining_time":0.02946438191},
{"learn":[5.166052198],"iteration":45,"passed_time":0.0246071841,"remaining_time":0.02888669437},
{"learn":[5.140406659],"iteration":46,"passed_time":0.02511270747,"remaining_time":0.02831858502},
{"learn":[5.118929684],"iteration":47,"passed_time":0.02558785092,"remaining_time":0.02772017183},
{"learn":[5.108792602],"iteration":48,"passed_time":0.02606645381,"remaining_time":0.0271303907},
{"learn":[5.098141225],"iteration":49,"passed_time":0.02653465171,"remaining_time":0.02653465171},
{"learn":[5.085926393],"iteration":50,"passed_time":0.02699104516,"remaining_time":0.02593257281},
{"learn":[5.067816804],"iteration":51,"passed_time":0.02750101369,"remaining_time":0.0253855511},
{"learn":[5.049834901],"iteration":52,"passed_time":0.02796505745,"remaining_time":0.02479920189},
{"learn":[5.03838627],"iteration":53,"passed_time":0.02841594594,"remaining_time":0.02420617617},
{"learn":[5.033534248],"iteration":54,"passed_time":0.02871963868,"remaining_time":0.02349788619},
{"learn":[5.023726885],"iteration":55,"passed_time":0.02919234609,"remaining_time":0.02293684336},
{"learn":[5.01290392],"iteration":56,"passed_time":0.02967508366,"remaining_time":0.02238646662},
{"learn":[5.005569127],"iteration":57,"passed_time":0.03013335249,"remaining_time":0.02182070353},
{"learn":[4.989969032],"iteration":58,"passed_time":0.0306021842,"remaining_time":0.02126592462},
{"learn":[4.976762446],"iteration":59,"passed_time":0.03105411712,"remaining_time":0.02070274475},
{"learn":[4.967222715],"iteration":60,"passed_time":0.03154069836,"remaining_time":0.02016536453},
{"learn":[4.954407599],"iteration":61,"passed_time":0.03201726515,"remaining_time":0.01962348509},
{"learn":[4.942125056],"iteration":62,"passed_time":0.03249157796,"remaining_time":0.01908235531},
{"learn":[4.930230716],"iteration":63,"passed_time":0.03297202891,"remaining_time":0.01854676626},
{"learn":[4.921695642],"iteration":64,"passed_time":0.0334765154,"remaining_time":0.01802581598},
{"learn":[4.906405625],"iteration":65,"passed_time":0.03393597713,"remaining_time":0.01748217004},
{"learn":[4.894330248],"iteration":66,"passed_time":0.03446171841,"remaining_time":0.0169736822},
{"learn":[4.88211557],"iteration":67,"passed_time":0.03505058588,"remaining_time":0.01649439335},
{"learn":[4.877946398],"iteration":68,"passed_time":0.03559976717,"remaining_time":0.01599409829},
{"learn":[4.863182126],"iteration":69,"passed_time":0.03621468272,"remaining_time":0.01552057831},
{"learn":[4.84646533],"iteration":70,"passed_time":0.03685383189,"remaining_time":0.01505297359},
{"learn":[4.838014752],"iteration":71,"passed_time":0.03743307824,"remaining_time":0.0145573082},
{"learn":[4.82981137],"iteration":72,"passed_time":0.03795712873,"remaining_time":0.01403893802},
{"learn":[4.817094767],"iteration":73,"passed_time":0.03849648956,"remaining_time":0.01352579363},
{"learn":[4.808314151],"iteration":74,"passed_time":0.03902862075,"remaining_time":0.01300954025},
{"learn":[4.796235023],"iteration":75,"passed_time":0.03955748054,"remaining_time":0.01249183596},
{"learn":[4.784434534],"iteration":76,"passed_time":0.04009993383,"remaining_time":0.01197790231},
{"learn":[4.774402487],"iteration":77,"passed_time":0.0406040389,"remaining_time":0.01145242123},
{"learn":[4.76731896],"iteration":78,"passed_time":0.04106438496,"remaining_time":0.01091584917},
{"learn":[4.75934113],"iteration":79,"passed_time":0.04157663916,"remaining_time":0.01039415979},
{"learn":[4.754106378],"iteration":80,"passed_time":0.0420420331,"remaining_time":0.009861711467},
{"learn":[4.744002932],"iteration":81,"passed_time":0.04251438107,"remaining_time":0.009332425112},
{"learn":[4.731700554],"iteration":82,"passed_time":0.04298845467,"remaining_time":0.00880486421},
{"learn":[4.723284153],"iteration":83,"passed_time":0.04345634901,"remaining_time":0.008277399812},
{"learn":[4.712232782],"iteration":84,"passed_time":0.04392346294,"remaining_time":0.007751199342},
{"learn":[4.703046867],"iteration":85,"passed_time":0.04439568816,"remaining_time":0.00722720505},
{"learn":[4.698601855],"iteration":86,"passed_time":0.04487191685,"remaining_time":0.00670499907},
{"learn":[4.692429407],"iteration":87,"passed_time":0.04536850408,"remaining_time":0.006186614193},
{"learn":[4.675027364],"iteration":88,"passed_time":0.04583295531,"remaining_time":0.005664747286},
{"learn":[4.662368584],"iteration":89,"passed_time":0.04630430846,"remaining_time":0.005144923162},
{"learn":[4.646206172],"iteration":90,"passed_time":0.04677400032,"remaining_time":0.004626000032},
{"learn":[4.641245848],"iteration":91,"passed_time":0.04723766643,"remaining_time":0.004107623168},
{"learn":[4.633900435],"iteration":92,"passed_time":0.04769836157,"remaining_time":0.003590199258},
{"learn":[4.624738236],"iteration":93,"passed_time":0.04816889099,"remaining_time":0.003074610063},
{"learn":[4.612798287],"iteration":94,"passed_time":0.04862199578,"remaining_time":0.002559052409},
{"learn":[4.605222001],"iteration":95,"passed_time":0.04907301486,"remaining_time":0.002044708953},
{"learn":[4.601725912],"iteration":96,"passed_time":0.04968579417,"remaining_time":0.001536674046},
{"learn":[4.59722371],"iteration":97,"passed_time":0.05025986989,"remaining_time":0.00102571163},
{"learn":[4.580235665],"iteration":98,"passed_time":0.0507441912,"remaining_time":0.0005125675879},
{"learn":[4.57591791],"iteration":99,"passed_time":0.05119773611,"remaining_time":0}
]}