{
"meta":{"test_sets":[],"test_metrics":[],"learn_metrics":[{"best_value":"Min","name":"RMSE"}],"launch_mode":"Train","parameters":"","iteration_count":1000,"learn_sets":["learn"],"name":"experiment"},
"iterations":[
{"learn":[14.59871775],"iteration":0,"passed_time":0.0493361229,"remaining_time":49.28678678},
{"learn":[14.22518863],"iteration":1,"passed_time":0.05040598326,"remaining_time":25.15258565},
{"learn":[13.8866124],"iteration":2,"passed_time":0.05144097828,"remaining_time":17.09555178},
{"learn":[13.52356875],"iteration":3,"passed_time":0.0524558531,"remaining_time":13.06150742},
{"learn":[13.18870211],"iteration":4,"passed_time":0.05349435825,"remaining_time":10.64537729},
{"learn":[12.9124226],"iteration":5,"passed_time":0.05452634888,"remaining_time":9.033198465},
{"learn":[12.60003351],"iteration":6,"passed_time":0.05556727172,"remaining_time":7.882614403},
{"learn":[12.32990573],"iteration":7,"passed_time":0.05657733583,"remaining_time":7.015589643},
{"learn":[12.0660619],"iteration":8,"passed_time":0.05759008592,"remaining_time":6.34130835},
{"learn":[11.77309809],"iteration":9,"passed_time":0.05863312424,"remaining_time":5.8046793},
{"learn":[11.49227636],"iteration":10,"passed_time":0.05966687649,"remaining_time":5.364594623},
{"learn":[11.26264833],"iteration":11,"passed_time":0.06068925341,"remaining_time":4.996748531},
{"learn":[11.04260393],"iteration":12,"passed_time":0.0616963008,"remaining_time":4.684172992},
{"learn":[10.79916926],"iteration":13,"passed_time":0.062719562,"remaining_time":4.417249152},
{"learn":[10.5541002],"iteration":14,"passed_time":0.06371751143,"remaining_time":4.184116584},
{"learn":[10.31918115],"iteration":15,"passed_time":0.0647237077,"remaining_time":3.980508024},
{"learn":[10.10004441],"iteration":16,"passed_time":0.06573780618,"remaining_time":3.801191969},
{"learn":[9.894556723],"iteration":17,"passed_time":0.06674062724,"remaining_time":3.641071997},
{"learn":[9.690174082],"iteration":18,"passed_time":0.06776858196,"remaining_time":3.49899889},
{"learn":[9.506034866],"iteration":19,"passed_time":0.0687808664,"remaining_time":3.370262454},
{"learn":[9.338524633],"iteration":20,"passed_time":0.0698290932,"remaining_time":3.255365821},
{"learn":[9.170203312],"iteration":21,"passed_time":0.0708734614,"remaining_time":3.150647511},
{"learn":[9.010299969],"iteration":22,"passed_time":0.07185813435,"remaining_time":3.052408576},
{"learn":[8.843866678],"iteration":23,"passed_time":0.07290135306,"remaining_time":2.964655025},
{"learn":[8.690548059],"iteration":24,"passed_time":0.07391193602,"remaining_time":2.882565505},
{"learn":[8.555307687],"iteration":25,"passed_time":0.07491145974,"remaining_time":2.80629853},
{"learn":[8.413851302],"iteration":26,"passed_time":0.07590321538,"remaining_time":2.735326984},
{"learn":[8.29256019],"iteration":27,"passed_time":0.07691328951,"remaining_time":2.669989907},
{"learn":[8.162193833],"iteration":28,"passed_time":0.07789541448,"remaining_time":2.608153361},
{"learn":[8.040736294],"iteration":29,"passed_time":0.07893696178,"remaining_time":2.552295098},
{"learn":[7.921220278],"iteration":30,"passed_time":0.07991274879,"remaining_time":2.497917857},
{"learn":[7.809589039],"iteration":31,"passed_time":0.08087283698,"remaining_time":2.446403319},
{"learn":[7.699675801],"iteration":32,"passed_time":0.08184067474,"remaining_time":2.398179772},
{"learn":[7.60645267],"iteration":33,"passed_time":0.08281587891,"remaining_time":2.352945266},
{"learn":[7.498880302],"iteration":34,"passed_time":0.08370801192,"remaining_time":2.307949471},
{"learn":[7.401158744],"iteration":35,"passed_time":0.08457666841,"remaining_time":2.264775232},
{"learn":[7.306431077],"iteration":36,"passed_time":0.08548962163,"remaining_time":2.225040693},
{"learn":[7.223863468],"iteration":37,"passed_time":0.08638779347,"remaining_time":2.186975193},
{"learn":[7.143477682],"iteration":38,"passed_time":0.08727097693,"remaining_time":2.15044638},
{"learn":[7.062817131],"iteration":39,"passed_time":0.08813163253,"remaining_time":2.115159181},
{"learn":[6.990793435],"iteration":40,"passed_time":0.08897815589,"remaining_time":2.081220768},
{"learn":[6.931862224],"iteration":41,"passed_time":0.08981057244,"remaining_time":2.04853639},
{"learn":[6.858296558],"iteration":42,"passed_time":0.09063188966,"remaining_time":2.017086474},
{"learn":[6.786268161],"iteration":43,"passed_time":0.09142842553,"remaining_time":1.986490336},
{"learn":[6.717118549],"iteration":44,"passed_time":0.09223291913,"remaining_time":1.957387506},
{"learn":[6.652948106],"iteration":45,"passed_time":0.0930414309,"remaining_time":1.929598371},
{"learn":[6.589686076],"iteration":46,"passed_time":0.09380269707,"remaining_time":1.901999368},
{"learn":[6.531283097],"iteration":47,"passed_time":0.09456056491,"remaining_time":1.875451204},
{"learn":[6.471368031],"iteration":48,"passed_time":0.09532239233,"remaining_time":1.850032553},
{"learn":[6.416481395],"iteration":49,"passed_time":0.09607919394,"remaining_time":1.825504685},
{"learn":[6.369870822],"iteration":50,"passed_time":0.09682230584,"remaining_time":1.801654279},
{"learn":[6.325678067],"iteration":51,"passed_time":0.09755406475,"remaining_time":1.778485642},
{"learn":[6.275766122],"iteration":52,"passed_time":0.09827515992,"remaining_time":1.75597314},
{"learn":[6.224773967],"iteration":53,"passed_time":0.09896020789,"remaining_time":1.733636234},
{"learn":[6.182249254],"iteration":54,"passed_time":0.09968080348,"remaining_time":1.712697442},
{"learn":[6.139904173],"iteration":55,"passed_time":0.1003852123,"remaining_time":1.692207864},
{"learn":[6.100525536],"iteration":56,"passed_time":0.1010717659,"remaining_time":1.672117109},
{"learn":[6.062568564],"iteration":57,"passed_time":0.1017657314,"remaining_time":1.652815845},
{"learn":[6.030559288],"iteration":58,"passed_time":0.1024620267,"remaining_time":1.634182494},
{"learn":[5.997931376],"iteration":59,"passed_time":0.1031457649,"remaining_time":1.615950316},
{"learn":[5.964103835],"iteration":60,"passed_time":0.1038041511,"remaining_time":1.597903244},
{"learn":[5.933729724],"iteration":61,"passed_time":0.1044651556,"remaining_time":1.580456708},
{"learn":[5.901932711],"iteration":62,"passed_time":0.1051235943,"remaining_time":1.563504886},
{"learn":[5.873727795],"iteration":63,"passed_time":0.1057465786,"remaining_time":1.546543712},
{"learn":[5.846485734],"iteration":64,"passed_time":0.1064141253,"remaining_time":1.530726264},
{"learn":[5.820630862],"iteration":65,"passed_time":0.107095657,"remaining_time":1.515565812},
{"learn":[5.793646238],"iteration":66,"passed_time":0.1077390637,"remaining_time":1.500306664},
{"learn":[5.765388646],"iteration":67,"passed_time":0.1083597923,"remaining_time":1.485166565},
{"learn":[5.747073912],"iteration":68,"passed_time":0.1089810019,"remaining_time":1.470453809},
{"learn":[5.722315217],"iteration":69,"passed_time":0.1096184046,"remaining_time":1.456358804},
{"learn":[5.699970599],"iteration":70,"passed_time":0.1102234844,"remaining_time":1.442219958},
{"learn":[5.682732647],"iteration":71,"passed_time":0.1108448282,"remaining_time":1.428666675},
{"learn":[5.663525791],"iteration":72,"passed_time":0.1114625563,"remaining_time":1.415421776},
{"learn":[5.642381613],"iteration":73,"passed_time":0.112053298,"remaining_time":1.402180459},
{"learn":[5.621404779],"iteration":74,"passed_time":0.1126511796,"remaining_time":1.389364548},
{"learn":[5.602460129],"iteration":75,"passed_time":0.1132260576,"remaining_time":1.376590489},
{"learn":[5.587337574],"iteration":76,"passed_time":0.1137914275,"remaining_time":1.364019319},
{"learn":[5.572393026],"iteration":77,"passed_time":0.1143720945,"remaining_time":1.351936809},
{"learn":[5.558425806],"iteration":78,"passed_time":0.1149822626,"remaining_time":1.340489416},
{"learn":[5.541518902],"iteration":79,"passed_time":0.1155367375,"remaining_time":1.328672481},
{"learn":[5.526157283],"iteration":80,"passed_time":0.1161186689,"remaining_time":1.317445144},
{"learn":[5.511746977],"iteration":81,"passed_time":0.1166612908,"remaining_time":1.306037378},
{"learn":[5.504975022],"iteration":82,"passed_time":0.1169568926,"remaining_time":1.292162295},
{"learn":[5.493980522],"iteration":83,"passed_time":0.1175161624,"remaining_time":1.281485771},
{"learn":[5.480745463],"iteration":84,"passed_time":0.1181045073,"remaining_time":1.271360284},
{"learn":[5.464052013],"iteration":85,"passed_time":0.118681668,"remaining_time":1.261337728},
{"learn":[5.449143727],"iteration":86,"passed_time":0.1192117663,"remaining_time":1.251038421},
{"learn":[5.438255432],"iteration":87,"passed_time":0.1197486855,"remaining_time":1.241031832},
{"learn":[5.425927931],"iteration":88,"passed_time":0.1202965869,"remaining_time":1.231350457},
{"learn":[5.412331217],"iteration":89,"passed_time":0.1208499736,"remaining_time":1.221927511},
{"learn":[5.400691499],"iteration":90,"passed_time":0.1213863886,"remaining_time":1.21252997},
{"learn":[5.391618744],"iteration":91,"passed_time":0.1219027706,"remaining_time":1.203127344},
{"learn":[5.380766572],"iteration":92,"passed_time":0.1224347808,"remaining_time":1.194068238},
{"learn":[5.372207183],"iteration":93,"passed_time":0.1229642492,"remaining_time":1.185166061},
{"learn":[5.362918837],"iteration":94,"passed_time":0.1234941705,"remaining_time":1.176444466},
{"learn":[5.348292324],"iteration":95,"passed_time":0.1240130993,"remaining_time":1.167790018},
{"learn":[5.339772295],"iteration":96,"passed_time":0.1245310644,"remaining_time":1.159294341},
{"learn":[5.331515983],"iteration":97,"passed_time":0.1250565346,"remaining_time":1.151030553},
{"learn":[5.323861644],"iteration":98,"passed_time":0.1255659985,"remaining_time":1.14277742},
{"learn":[5.313277281],"iteration":99,"passed_time":0.1261092811,"remaining_time":1.13498353},
{"learn":[5.30685627],"iteration":100,"passed_time":0.1266027944,"remaining_time":1.12689022},
{"learn":[5.29652059],"iteration":101,"passed_time":0.1271406272,"remaining_time":1.11933611},
{"learn":[5.288350766],"iteration":102,"passed_time":0.1276382085,"remaining_time":1.111567699},
{"learn":[5.27993346],"iteration":103,"passed_time":0.1281518323,"remaining_time":1.104077325},
{"learn":[5.271789139],"iteration":104,"passed_time":0.1286535921,"remaining_time":1.096618714},
{"learn":[5.262684686],"iteration":105,"passed_time":0.129169885,"remaining_time":1.089413936},
{"learn":[5.251619772],"iteration":106,"passed_time":0.1296657987,"remaining_time":1.082164096},
{"learn":[5.241012171],"iteration":107,"passed_time":0.1312250278,"remaining_time":1.083821525},
{"learn":[5.232684032],"iteration":108,"passed_time":0.131902241,"remaining_time":1.078210061},
{"learn":[5.224267141],"iteration":109,"passed_time":0.1325754556,"remaining_time":1.072655959},
{"learn":[5.216324968],"iteration":110,"passed_time":0.1337812036,"remaining_time":1.071454865},
{"learn":[5.211102527],"iteration":111,"passed_time":0.134435882,"remaining_time":1.065884493},
{"learn":[5.206364257],"iteration":112,"passed_time":0.1351406894,"remaining_time":1.060794615},
{"learn":[5.196937641],"iteration":113,"passed_time":0.1360096554,"remaining_time":1.057057497},
{"learn":[5.190746047],"iteration":114,"passed_time":0.136634369,"remaining_time":1.051490579},
{"learn":[5.181885213],"iteration":115,"passed_time":0.1378271663,"remaining_time":1.05033806},
{"learn":[5.178293568],"iteration":116,"passed_time":0.139438491,"remaining_time":1.052343483},
{"learn":[5.170991438],"iteration":117,"passed_time":0.140814189,"remaining_time":1.052526396},
{"learn":[5.166257212],"iteration":118,"passed_time":0.1423326118,"remaining_time":1.053739756},
{"learn":[5.161421246],"iteration":119,"passed_time":0.1446865492,"remaining_time":1.061034694},
{"learn":[5.158223542],"iteration":120,"passed_time":0.1452919328,"remaining_time":1.055467843},
{"learn":[5.15470988],"iteration":121,"passed_time":0.1457033884,"remaining_time":1.04858668},
{"learn":[5.146388143],"iteration":122,"passed_time":0.1462632148,"remaining_time":1.042868613},
{"learn":[5.139529364],"iteration":123,"passed_time":0.1468224399,"remaining_time":1.037229494},
{"learn":[5.134276023],"iteration":124,"passed_time":0.1474346171,"remaining_time":1.032042319},
{"learn":[5.128536065],"iteration":125,"passed_time":0.1480377156,"remaining_time":1.026864789},
{"learn":[5.123300353],"iteration":126,"passed_time":0.1484932123,"remaining_time":1.02074468},
{"learn":[5.116200518],"iteration":127,"passed_time":0.1491083068,"remaining_time":1.01580034},
{"learn":[5.108728704],"iteration":128,"passed_time":0.1496760169,"remaining_time":1.010603184},
{"learn":[5.104075866],"iteration":129,"passed_time":0.1501950721,"remaining_time":1.005151637},
{"learn":[5.100317606],"iteration":130,"passed_time":0.1506959796,"remaining_time":0.9996550098},
{"learn":[5.095814182],"iteration":131,"passed_time":0.15141425,"remaining_time":0.9956634018},
{"learn":[5.092146915],"iteration":132,"passed_time":0.151993721,"remaining_time":0.990816211},
{"learn":[5.085258329],"iteration":133,"passed_time":0.1525724753,"remaining_time":0.9860280864},
{"learn":[5.079219421],"iteration":134,"passed_time":0.1531684884,"remaining_time":0.9814129072},
{"learn":[5.076476829],"iteration":135,"passed_time":0.1537367783,"remaining_time":0.976680709},
{"learn":[5.072133867],"iteration":136,"passed_time":0.1542877079,"remaining_time":0.9718999412},
{"learn":[5.067031564],"iteration":137,"passed_time":0.154832337,"remaining_time":0.9671411196},
{"learn":[5.061358312],"iteration":138,"passed_time":0.155390445,"remaining_time":0.9625264253},
{"learn":[5.056759124],"iteration":139,"passed_time":0.1578446846,"remaining_time":0.9696173483},
{"learn":[5.050254],"iteration":140,"passed_time":0.1585950149,"remaining_time":0.9661923247},
{"learn":[5.048376474],"iteration":141,"passed_time":0.1589925128,"remaining_time":0.9606730705},
{"learn":[5.042603751],"iteration":142,"passed_time":0.1595569356,"remaining_time":0.9562258309},
{"learn":[5.037477349],"iteration":143,"passed_time":0.1601153554,"remaining_time":0.951796835},
{"learn":[5.03230489],"iteration":144,"passed_time":0.1607067201,"remaining_time":0.9476154877},
{"learn":[5.025976187],"iteration":145,"passed_time":0.1615925202,"remaining_time":0.9452055633},
{"learn":[5.01952451],"iteration":146,"passed_time":0.1627720166,"remaining_time":0.9445206136},
{"learn":[5.017569424],"iteration":147,"passed_time":0.1641016868,"remaining_time":0.9446934941},
{"learn":[5.008962367],"iteration":148,"passed_time":0.1646801763,"remaining_time":0.9405559061},
{"learn":[5.003880266],"iteration":149,"passed_time":0.1658296952,"remaining_time":0.939701606},
{"learn":[4.996387564],"iteration":150,"passed_time":0.1684389312,"remaining_time":0.9470506792},
{"learn":[4.993361683],"iteration":151,"passed_time":0.169073785,"remaining_time":0.9432537481},
{"learn":[4.99005752],"iteration":152,"passed_time":0.1696332768,"remaining_time":0.9390809509},
{"learn":[4.986908764],"iteration":153,"passed_time":0.1702039775,"remaining_time":0.9350166554},
{"learn":[4.985207175],"iteration":154,"passed_time":0.1720515699,"remaining_time":0.9379585584},
{"learn":[4.979003494],"iteration":155,"passed_time":0.1730984441,"remaining_time":0.9365069666},
{"learn":[4.973142217],"iteration":156,"passed_time":0.173683714,"remaining_time":0.9325819805},
{"learn":[4.967056696],"iteration":157,"passed_time":0.174306013,"remaining_time":0.9288966011},
{"learn":[4.961460696],"iteration":158,"passed_time":0.174913748,"remaining_time":0.9251727176},
{"learn":[4.954240363],"iteration":159,"passed_time":0.175441047,"remaining_time":0.9210654967},
{"learn":[4.952320707],"iteration":160,"passed_time":0.1757735968,"remaining_time":0.9159878742},
{"learn":[4.948337777],"iteration":161,"passed_time":0.1763212357,"remaining_time":0.9120814538},
{"learn":[4.943228639],"iteration":162,"passed_time":0.1768653675,"remaining_time":0.908198237},
{"learn":[4.938545759],"iteration":163,"passed_time":0.1774054904,"remaining_time":0.9043353049},
{"learn":[4.935330572],"iteration":164,"passed_time":0.1782087397,"remaining_time":0.9018442283},
{"learn":[4.932051543],"iteration":165,"passed_time":0.1788023957,"remaining_time":0.8983204699},
{"learn":[4.928964153],"iteration":166,"passed_time":0.1793554454,"remaining_time":0.8946292578},
{"learn":[4.922860227],"iteration":167,"passed_time":0.1799305478,"remaining_time":0.8910846176},
{"learn":[4.917668772],"iteration":168,"passed_time":0.1804945994,"remaining_time":0.8875207815},
{"learn":[4.910365386],"iteration":169,"passed_time":0.1810765743,"remaining_time":0.8840797452},
{"learn":[4.906457206],"iteration":170,"passed_time":0.1824160428,"remaining_time":0.8843444414},
{"learn":[4.901996508],"iteration":171,"passed_time":0.1830053653,"remaining_time":0.8809793165},
{"learn":[4.896816173],"iteration":172,"passed_time":0.1839999218,"remaining_time":0.8795834411},
{"learn":[4.891123132],"iteration":173,"passed_time":0.1849281224,"remaining_time":0.8778771788},
{"learn":[4.887630202],"iteration":174,"passed_time":0.1857792695,"remaining_time":0.8758165563},
{"learn":[4.885259712],"iteration":175,"passed_time":0.186399384,"remaining_time":0.8726880252},
{"learn":[4.880659728],"iteration":176,"passed_time":0.1869656764,"remaining_time":0.8693375799},
{"learn":[4.877299723],"iteration":177,"passed_time":0.1874911482,"remaining_time":0.865829909},
{"learn":[4.874038772],"iteration":178,"passed_time":0.1880124715,"remaining_time":0.8623365313},
{"learn":[4.86943698],"iteration":179,"passed_time":0.1885855432,"remaining_time":0.8591119189},
{"learn":[4.861268711],"iteration":180,"passed_time":0.1891041162,"remaining_time":0.8556700062},
{"learn":[4.858673056],"iteration":181,"passed_time":0.1896236914,"remaining_time":0.8522647227},
{"learn":[4.854036207],"iteration":182,"passed_time":0.1901529763,"remaining_time":0.8489343258},
{"learn":[4.85130244],"iteration":183,"passed_time":0.1906551312,"remaining_time":0.8455140599},
{"learn":[4.847510084],"iteration":184,"passed_time":0.1911505372,"remaining_time":0.8420956097},
{"learn":[4.845691673],"iteration":185,"passed_time":0.1916617329,"remaining_time":0.8387776915},
{"learn":[4.842058646],"iteration":186,"passed_time":0.1921854489,"remaining_time":0.8355442244},
{"learn":[4.838623675],"iteration":187,"passed_time":0.1926886049,"remaining_time":0.8322507828},
{"learn":[4.834602161],"iteration":188,"passed_time":0.1932005531,"remaining_time":0.8290245956},
{"learn":[4.830858976],"iteration":189,"passed_time":0.1937045097,"remaining_time":0.8257929097},
{"learn":[4.827590511],"iteration":190,"passed_time":0.1942218916,"remaining_time":0.8226466506},
{"learn":[4.822246226],"iteration":191,"passed_time":0.1947353574,"remaining_time":0.8195112957},
{"learn":[4.816686395],"iteration":192,"passed_time":0.195230704,"remaining_time":0.8163273479},
{"learn":[4.814797121],"iteration":193,"passed_time":0.1957562826,"remaining_time":0.8132967205},
{"learn":[4.811639392],"iteration":194,"passed_time":0.1962965246,"remaining_time":0.8103523196},
{"learn":[4.804813432],"iteration":195,"passed_time":0.1968790358,"remaining_time":0.8076058406},
{"learn":[4.80251613],"iteration":196,"passed_time":0.1973760045,"remaining_time":0.8045326477},
{"learn":[4.800087884],"iteration":197,"passed_time":0.1978810639,"remaining_time":0.8015182487},
{"learn":[4.794773135],"iteration":198,"passed_time":0.1983938255,"remaining_time":0.7985600714},
{"learn":[4.791664833],"iteration":199,"passed_time":0.1988779861,"remaining_time":0.7955119442},
{"learn":[4.785989873],"iteration":200,"passed_time":0.199381095,"remaining_time":0.7925646512},
{"learn":[4.782387142],"iteration":201,"passed_time":0.1998735059,"remaining_time":0.7895992954},
{"learn":[4.778623704],"iteration":202,"passed_time":0.2003836215,"remaining_time":0.7867278146},
{"learn":[4.775772178],"iteration":203,"passed_time":0.2008692619,"remaining_time":0.7837839829},
{"learn":[4.77023101],"iteration":204,"passed_time":0.2013998895,"remaining_time":0.7810385957},
{"learn":[4.764496689],"iteration":205,"passed_time":0.2019553161,"remaining_time":0.7784102959},
{"learn":[4.763138716],"iteration":206,"passed_time":0.2025557965,"remaining_time":0.7759746212},
{"learn":[4.758053283],"iteration":207,"passed_time":0.2032541996,"remaining_time":0.7739294521},
{"learn":[4.755063788],"iteration":208,"passed_time":0.2039143451,"remaining_time":0.771752378},
{"learn":[4.752465267],"iteration":209,"passed_time":0.204518432,"remaining_time":0.7693788633},
{"learn":[4.748067377],"iteration":210,"passed_time":0.205050985,"remaining_time":0.7667546311},
{"learn":[4.744163298],"iteration":211,"passed_time":0.2055584259,"remaining_time":0.7640567905},
{"learn":[4.736670896],"iteration":212,"passed_time":0.2060919614,"remaining_time":0.7614759325},
{"learn":[4.73349255],"iteration":213,"passed_time":0.2066105105,"remaining_time":0.7588591647},
{"learn":[4.731864595],"iteration":214,"passed_time":0.2071063324,"remaining_time":0.7561789346},
{"learn":[4.728398311],"iteration":215,"passed_time":0.2077717413,"remaining_time":0.7541344683},
{"learn":[4.723865975],"iteration":216,"passed_time":0.2082646983,"remaining_time":0.7514804553},
{"learn":[4.723483365],"iteration":217,"passed_time":0.2087619785,"remaining_time":0.7488617762},
{"learn":[4.72095416],"iteration":218,"passed_time":0.2092997566,"remaining_time":0.7464068945},
{"learn":[4.716173382],"iteration":219,"passed_time":0.2098344354,"remaining_time":0.7439584529},
{"learn":[4.710563974],"iteration":220,"passed_time":0.2103723075,"remaining_time":0.7415385863},
{"learn":[4.707160263],"iteration":221,"passed_time":0.2109014726,"remaining_time":0.7391051607},
{"learn":[4.70408351],"iteration":222,"passed_time":0.2114461167,"remaining_time":0.7367427474},
{"learn":[4.702501831],"iteration":223,"passed_time":0.2119590371,"remaining_time":0.7342866642},
{"learn":[4.700269738],"iteration":224,"passed_time":0.212452552,"remaining_time":0.7317810123},
{"learn":[4.695346302],"iteration":225,"passed_time":0.2129761396,"remaining_time":0.7293961594},
{"learn":[4.689769299],"iteration":226,"passed_time":0.2134780381,"remaining_time":0.7269538478},
{"learn":[4.687919514],"iteration":227,"passed_time":0.2139967911,"remaining_time":0.724585626},
{"learn":[4.682982074],"iteration":228,"passed_time":0.2144991372,"remaining_time":0.7221783178},
{"learn":[4.679578702],"iteration":229,"passed_time":0.2150211524,"remaining_time":0.7198534234},
{"learn":[4.675751423],"iteration":230,"passed_time":0.2155312566,"remaining_time":0.7175044861},
{"learn":[4.672710726],"iteration":231,"passed_time":0.2160461051,"remaining_time":0.7151871065},
{"learn":[4.6690533],"iteration":232,"passed_time":0.2165451615,"remaining_time":0.7128332142},
{"learn":[4.667595702],"iteration":233,"passed_time":0.2170866359,"remaining_time":0.7106340304},
{"learn":[4.664241291],"iteration":234,"passed_time":0.2176446799,"remaining_time":0.708502894},
{"learn":[4.662246999],"iteration":235,"passed_time":0.21817525,"remaining_time":0.7062961482},
{"learn":[4.658668443],"iteration":236,"passed_time":0.2186807781,"remaining_time":0.704022927},
{"learn":[4.658017572],"iteration":237,"passed_time":0.2194339971,"remaining_time":0.7025575875},
{"learn":[4.657656705],"iteration":238,"passed_time":0.2199664572,"remaining_time":0.7003952884},
{"learn":[4.653242871],"iteration":239,"passed_time":0.2205238701,"remaining_time":0.6983255888},
{"learn":[4.6507302],"iteration":240,"passed_time":0.2210483536,"remaining_time":0.6961647319},
{"learn":[4.647671336],"iteration":241,"passed_time":0.221592697,"remaining_time":0.6940796048},
{"learn":[4.645506007],"iteration":242,"passed_time":0.2221958368,"remaining_time":0.6921903229},
{"learn":[4.641297906],"iteration":243,"passed_time":0.222723194,"remaining_time":0.6900767814},
{"learn":[4.63798107],"iteration":244,"passed_time":0.2232487783,"remaining_time":0.6879707251},
{"learn":[4.635062318],"iteration":245,"passed_time":0.2237455682,"remaining_time":0.6857892619},
{"learn":[4.631606017],"iteration":246,"passed_time":0.2242714536,"remaining_time":0.68371014},
{"learn":[4.630215494],"iteration":247,"passed_time":0.224760135,"remaining_time":0.681530732},
{"learn":[4.62729814],"iteration":248,"passed_time":0.225265977,"remaining_time":0.6794166615},
{"learn":[4.624691756],"iteration":249,"passed_time":0.2257705499,"remaining_time":0.6773116498},
{"learn":[4.621840053],"iteration":250,"passed_time":0.2262761833,"remaining_time":0.675222555},
{"learn":[4.619602091],"iteration":251,"passed_time":0.2267844823,"remaining_time":0.6731539394},
{"learn":[4.613584029],"iteration":252,"passed_time":0.2272911422,"remaining_time":0.671092819},
{"learn":[4.6119388],"iteration":253,"passed_time":0.2277879675,"remaining_time":0.6690150541},
{"learn":[4.60870702],"iteration":254,"passed_time":0.2282907387,"remaining_time":0.6669670603},
{"learn":[4.604771557],"iteration":255,"passed_time":0.2287970298,"remaining_time":0.6649413677},
{"learn":[4.604231277],"iteration":256,"passed_time":0.2293512444,"remaining_time":0.6630660491},
{"learn":[4.600750354],"iteration":257,"passed_time":0.2298530397,"remaining_time":0.6610502148},
{"learn":[4.596488253],"iteration":258,"passed_time":0.2303459775,"remaining_time":0.6590207309},
{"learn":[4.59470784],"iteration":259,"passed_time":0.2308603619,"remaining_time":0.6570641069},
{"learn":[4.588818005],"iteration":260,"passed_time":0.2313908441,"remaining_time":0.6551641141},
{"learn":[4.585054174],"iteration":261,"passed_time":0.2318995139,"remaining_time":0.6532131345},
{"learn":[4.581471435],"iteration":262,"passed_time":0.2324428154,"remaining_time":0.6513701708},
{"learn":[4.577555199],"iteration":263,"passed_time":0.2329587737,"remaining_time":0.6494608236},
{"learn":[4.57457145],"iteration":264,"passed_time":0.2334733015,"remaining_time":0.6475580249},
{"learn":[4.573029224],"iteration":265,"passed_time":0.2339703674,"remaining_time":0.6456174799},
{"learn":[4.571326203],"iteration":266,"passed_time":0.2344857,"remaining_time":0.6437378956},
{"learn":[4.571019224],"iteration":267,"passed_time":0.2349656709,"remaining_time":0.6417719071},
{"learn":[4.565766631],"iteration":268,"passed_time":0.2354653241,"remaining_time":0.6398704531},
{"learn":[4.563383471],"iteration":269,"passed_time":0.2359731088,"remaining_time":0.6380013682},
{"learn":[4.558165805],"iteration":270,"passed_time":0.2364697313,"remaining_time":0.6361123031},
{"learn":[4.55629209],"iteration":271,"passed_time":0.2369822235,"remaining_time":0.6342759511},
{"learn":[4.549383848],"iteration":272,"passed_time":0.2374783808,"remaining_time":0.6324057979},
{"learn":[4.546227503],"iteration":273,"passed_time":0.2379978681,"remaining_time":0.6306074899},
{"learn":[4.540620977],"iteration":274,"passed_time":0.2385112241,"remaining_time":0.628802318},
{"learn":[4.532898237],"iteration":275,"passed_time":0.2390254277,"remaining_time":0.6270087306},
{"learn":[4.529757367],"iteration":276,"passed_time":0.2395389047,"remaining_time":0.6252224842},
{"learn":[4.52579294],"iteration":277,"passed_time":0.2400356236,"remaining_time":0.6234018715},
{"learn":[4.521572155],"iteration":278,"passed_time":0.2405600053,"remaining_time":0.621662236},
{"learn":[4.518818099],"iteration":279,"passed_time":0.2410703419,"remaining_time":0.6198951649},
{"learn":[4.514012334],"iteration":280,"passed_time":0.2415798366,"remaining_time":0.6181348843},
{"learn":[4.508331416],"iteration":281,"passed_time":0.2420872605,"remaining_time":0.6163782023},
{"learn":[4.506038537],"iteration":282,"passed_time":0.2425963693,"remaining_time":0.6146346177},
{"learn":[4.505805643],"iteration":283,"passed_time":0.243079523,"remaining_time":0.6128342905},
{"learn":[4.501550352],"iteration":284,"passed_time":0.2436090007,"remaining_time":0.6111594228},
{"learn":[4.494692643],"iteration":285,"passed_time":0.2441331692,"remaining_time":0.6094793106},
{"learn":[4.489330245],"iteration":286,"passed_time":0.2446355122,"remaining_time":0.6077530321},
{"learn":[4.484826955],"iteration":287,"passed_time":0.2451290984,"remaining_time":0.6060136043},
{"learn":[4.478285428],"iteration":288,"passed_time":0.2456346481,"remaining_time":0.6043122312},
{"learn":[4.475311671],"iteration":289,"passed_time":0.2461581031,"remaining_time":0.6026629422},
{"learn":[4.471581298],"iteration":290,"passed_time":0.2466709711,"remaining_time":0.6009955963},
{"learn":[4.469164956],"iteration":291,"passed_time":0.2472579676,"remaining_time":0.5995158941},
{"learn":[4.462068024],"iteration":292,"passed_time":0.2477767068,"remaining_time":0.5978775825},
{"learn":[4.458540976],"iteration":293,"passed_time":0.2483004378,"remaining_time":0.5962588743},
{"learn":[4.455757458],"iteration":294,"passed_time":0.2488198152,"remaining_time":0.5946371855},
{"learn":[4.453027414],"iteration":295,"passed_time":0.2493364366,"remaining_time":0.5930163896},
{"learn":[4.450659338],"iteration":296,"passed_time":0.2498449633,"remaining_time":0.5913838694},
{"learn":[4.444696901],"iteration":297,"passed_time":0.2503603546,"remaining_time":0.5897750635},
{"learn":[4.442052813],"iteration":298,"passed_time":0.2508793242,"remaining_time":0.5881819608},
{"learn":[4.440036756],"iteration":299,"passed_time":0.2513619398,"remaining_time":0.5865111929},
{"learn":[4.435017051],"iteration":300,"passed_time":0.2518753509,"remaining_time":0.5849198349},
{"learn":[4.429962125],"iteration":301,"passed_time":0.2523808263,"remaining_time":0.583317274},
{"learn":[4.427666256],"iteration":302,"passed_time":0.2528836719,"remaining_time":0.5817159054},
{"learn":[4.425030004],"iteration":303,"passed_time":0.2533943785,"remaining_time":0.5801397614},
{"learn":[4.422588771],"iteration":304,"passed_time":0.2538759884,"remaining_time":0.5785043015},
{"learn":[4.418936667],"iteration":305,"passed_time":0.2543924756,"remaining_time":0.5769554839},
{"learn":[4.416887976],"iteration":306,"passed_time":0.2548828708,"remaining_time":0.5753544935},
{"learn":[4.413773354],"iteration":307,"passed_time":0.255391253,"remaining_time":0.573801127},
{"learn":[4.411129391],"iteration":308,"passed_time":0.2558930575,"remaining_time":0.5722398147},
{"learn":[4.40850819],"iteration":309,"passed_time":0.2563955802,"remaining_time":0.5706869365},
{"learn":[4.404880292],"iteration":310,"passed_time":0.256909714,"remaining_time":0.5691665368},
{"learn":[4.404593827],"iteration":311,"passed_time":0.2573942959,"remaining_time":0.5675874218},
{"learn":[4.402139942],"iteration":312,"passed_time":0.2578965618,"remaining_time":0.5660541149},
{"learn":[4.400284725],"iteration":313,"passed_time":0.2583980602,"remaining_time":0.5645256984},
{"learn":[4.395805521],"iteration":314,"passed_time":0.2589155257,"remaining_time":0.5630385242},
{"learn":[4.392838833],"iteration":315,"passed_time":0.2594317485,"remaining_time":0.5615547974},
{"learn":[4.389213061],"iteration":316,"passed_time":0.2599397059,"remaining_time":0.5600593663},
{"learn":[4.3861981],"iteration":317,"passed_time":0.2604405995,"remaining_time":0.5585549964},
{"learn":[4.385054234],"iteration":318,"passed_time":0.2609643718,"remaining_time":0.5571057592},
{"learn":[4.379364607],"iteration":319,"passed_time":0.2614671943,"remaining_time":0.5556177878},
{"learn":[4.378387619],"iteration":320,"passed_time":0.2619734302,"remaining_time":0.5541431747},
{"learn":[4.375816727],"iteration":321,"passed_time":0.2624603947,"remaining_time":0.5526339987},
{"learn":[4.374600202],"iteration":322,"passed_time":0.262970791,"remaining_time":0.5511802647},
{"learn":[4.37098897],"iteration":323,"passed_time":0.2634870022,"remaining_time":0.549744486},
{"learn":[4.367418484],"iteration":324,"passed_time":0.2639989057,"remaining_time":0.5483054195},
{"learn":[4.363584638],"iteration":325,"passed_time":0.2645102136,"remaining_time":0.5468708098},
{"learn":[4.360770706],"iteration":326,"passed_time":0.2650194335,"remaining_time":0.5454375497},
{"learn":[4.358675808],"iteration":327,"passed_time":0.2655178716,"remaining_time":0.5439878346},
{"learn":[4.354228195],"iteration":328,"passed_time":0.2660345323,"remaining_time":0.5425810673},
{"learn":[4.353773425],"iteration":329,"passed_time":0.2665386403,"remaining_time":0.5411542092},
{"learn":[4.351648009],"iteration":330,"passed_time":0.2670432819,"remaining_time":0.5397340048},
{"learn":[4.348209927],"iteration":331,"passed_time":0.2675470269,"remaining_time":0.5383175119},
{"learn":[4.345852733],"iteration":332,"passed_time":0.2680512332,"remaining_time":0.5369074252},
{"learn":[4.34237339],"iteration":333,"passed_time":0.268553269,"remaining_time":0.5354984346},
{"learn":[4.340814362],"iteration":334,"passed_time":0.2690609801,"remaining_time":0.5341061247},
{"learn":[4.339707068],"iteration":335,"passed_time":0.2695561182,"remaining_time":0.5326942336},
{"learn":[4.335430786],"iteration":336,"passed_time":0.2700745917,"remaining_time":0.5313336924},
{"learn":[4.33521887],"iteration":337,"passed_time":0.2705568909,"remaining_time":0.5299072833},
{"learn":[4.328507238],"iteration":338,"passed_time":0.2710655186,"remaining_time":0.5285377811},
{"learn":[4.326140732],"iteration":339,"passed_time":0.2715633978,"remaining_time":0.5271524781},
{"learn":[4.323785636],"iteration":340,"passed_time":0.2720658299,"remaining_time":0.5257811785},
{"learn":[4.320632534],"iteration":341,"passed_time":0.2725683332,"remaining_time":0.5244150972},
{"learn":[4.31973724],"iteration":342,"passed_time":0.2730528523,"remaining_time":0.5230196033},
{"learn":[4.318000924],"iteration":343,"passed_time":0.2735621658,"remaining_time":0.5216766882},
{"learn":[4.312713628],"iteration":344,"passed_time":0.2740539136,"remaining_time":0.5203052563},
{"learn":[4.308220789],"iteration":345,"passed_time":0.274557105,"remaining_time":0.5189605396},
{"learn":[4.305890947],"iteration":346,"passed_time":0.2750676282,"remaining_time":0.5176344703},
{"learn":[4.305137856],"iteration":347,"passed_time":0.2755601697,"remaining_time":0.5162793985},
{"learn":[4.304787172],"iteration":348,"passed_time":0.2760320468,"remaining_time":0.5148907234},
{"learn":[4.30350134],"iteration":349,"passed_time":0.2765207502,"remaining_time":0.513538536},
{"learn":[4.30293809],"iteration":350,"passed_time":0.2770401643,"remaining_time":0.512248053},
{"learn":[4.299548459],"iteration":351,"passed_time":0.2775558019,"remaining_time":0.5109549989},
{"learn":[4.294768408],"iteration":352,"passed_time":0.2780286846,"remaining_time":0.5095879857},
{"learn":[4.294581479],"iteration":353,"passed_time":0.2785368012,"remaining_time":0.5082903209},
{"learn":[4.292551604],"iteration":354,"passed_time":0.2790422947,"remaining_time":0.5069923383},
{"learn":[4.288628894],"iteration":355,"passed_time":0.2795445756,"remaining_time":0.5056929964},
{"learn":[4.287802767],"iteration":356,"passed_time":0.2800463319,"remaining_time":0.5043971749},
{"learn":[4.284566905],"iteration":357,"passed_time":0.2805560544,"remaining_time":0.5031200753},
{"learn":[4.27890232],"iteration":358,"passed_time":0.281069449,"remaining_time":0.5018538072},
{"learn":[4.276938023],"iteration":359,"passed_time":0.2815604748,"remaining_time":0.5005519552},
{"learn":[4.273425094],"iteration":360,"passed_time":0.2820731057,"remaining_time":0.4992928381},
{"learn":[4.269726505],"iteration":361,"passed_time":0.2825683367,"remaining_time":0.4980071791},
{"learn":[4.265565857],"iteration":362,"passed_time":0.2830771742,"remaining_time":0.4967497519},
{"learn":[4.262117173],"iteration":363,"passed_time":0.2835872482,"remaining_time":0.4954985985},
{"learn":[4.259185148],"iteration":364,"passed_time":0.2840857369,"remaining_time":0.4942313504},
{"learn":[4.257668507],"iteration":365,"passed_time":0.2846121527,"remaining_time":0.4930166798},
{"learn":[4.253432436],"iteration":366,"passed_time":0.28512456,"remaining_time":0.4917815981},
{"learn":[4.250216667],"iteration":367,"passed_time":0.2856396306,"remaining_time":0.4905550178},
{"learn":[4.24514828],"iteration":368,"passed_time":0.2861290109,"remaining_time":0.4892883628},
{"learn":[4.244015772],"iteration":369,"passed_time":0.2867387631,"remaining_time":0.4882308668},
{"learn":[4.240329192],"iteration":370,"passed_time":0.2872632477,"remaining_time":0.4870312204},
{"learn":[4.236718014],"iteration":371,"passed_time":0.2877672158,"remaining_time":0.4858005686},
{"learn":[4.233495944],"iteration":372,"passed_time":0.2882717244,"remaining_time":0.4845747217},
{"learn":[4.230357491],"iteration":373,"passed_time":0.288782133,"remaining_time":0.4833626077},
{"learn":[4.227381215],"iteration":374,"passed_time":0.2893057573,"remaining_time":0.4821762621},
{"learn":[4.226169067],"iteration":375,"passed_time":0.2898189105,"remaining_time":0.4809760642},
{"learn":[4.225963861],"iteration":376,"passed_time":0.2903090914,"remaining_time":0.4797415489},
{"learn":[4.224346548],"iteration":377,"passed_time":0.2908078915,"remaining_time":0.4785251548},
{"learn":[4.222595381],"iteration":378,"passed_time":0.2913102927,"remaining_time":0.4773184479},
{"learn":[4.219700938],"iteration":379,"passed_time":0.2918138611,"remaining_time":0.4761173523},
{"learn":[4.216356207],"iteration":380,"passed_time":0.2923342601,"remaining_time":0.4749472624},
{"learn":[4.214326494],"iteration":381,"passed_time":0.2928282344,"remaining_time":0.4737378243},
{"learn":[4.212901398],"iteration":382,"passed_time":0.2933248354,"remaining_time":0.4725363536},
{"learn":[4.211331091],"iteration":383,"passed_time":0.2938200124,"remaining_time":0.4713362699},
{"learn":[4.208624791],"iteration":384,"passed_time":0.2943317062,"remaining_time":0.4701662321},
{"learn":[4.204659106],"iteration":385,"passed_time":0.294843683,"remaining_time":0.4690000553},
{"learn":[4.202968852],"iteration":386,"passed_time":0.295327578,"remaining_time":0.4677927786},
{"learn":[4.197261935],"iteration":387,"passed_time":0.2958370634,"remaining_time":0.4666295949},
{"learn":[4.196934403],"iteration":388,"passed_time":0.2963211827,"remaining_time":0.4654299297},
{"learn":[4.192479929],"iteration":389,"passed_time":0.2968203506,"remaining_time":0.4642574714},
{"learn":[4.190243116],"iteration":390,"passed_time":0.297312078,"remaining_time":0.4630768683},
{"learn":[4.185852431],"iteration":391,"passed_time":0.2978193952,"remaining_time":0.4619239598},
{"learn":[4.180967944],"iteration":392,"passed_time":0.2983137935,"remaining_time":0.4607543834},
{"learn":[4.178283162],"iteration":393,"passed_time":0.2987980952,"remaining_time":0.4595727048},
{"learn":[4.176341157],"iteration":394,"passed_time":0.299303559,"remaining_time":0.4584269701},
{"learn":[4.176041504],"iteration":395,"passed_time":0.2997897055,"remaining_time":0.4572550054},
{"learn":[4.175564513],"iteration":396,"passed_time":0.3002878272,"remaining_time":0.4561046846},
{"learn":[4.170830274],"iteration":397,"passed_time":0.3007784625,"remaining_time":0.4549463177},
{"learn":[4.167804808],"iteration":398,"passed_time":0.301281962,"remaining_time":0.4538106745},
{"learn":[4.165860548],"iteration":399,"passed_time":0.3017679242,"remaining_time":0.4526518864},
{"learn":[4.160950571],"iteration":400,"passed_time":0.3022792014,"remaining_time":0.4515342684},
{"learn":[4.158544115],"iteration":401,"passed_time":0.3027585262,"remaining_time":0.4503721359},
{"learn":[4.154448767],"iteration":402,"passed_time":0.3032634495,"remaining_time":0.4492513135},
{"learn":[4.15197457],"iteration":403,"passed_time":0.3037567574,"remaining_time":0.4481164044},
{"learn":[4.149562679],"iteration":404,"passed_time":0.3042449728,"remaining_time":0.4469771822},
{"learn":[4.149327961],"iteration":405,"passed_time":0.304725831,"remaining_time":0.4458304029},
{"learn":[4.147444889],"iteration":406,"passed_time":0.3052297795,"remaining_time":0.4447205386},
{"learn":[4.147254809],"iteration":407,"passed_time":0.3057098363,"remaining_time":0.4435789781},
{"learn":[4.144589165],"iteration":408,"passed_time":0.3062005202,"remaining_time":0.4424560084},
{"learn":[4.141691034],"iteration":409,"passed_time":0.3067029203,"remaining_time":0.4413529828},
{"learn":[4.138893468],"iteration":410,"passed_time":0.3072089098,"remaining_time":0.4402580241},
{"learn":[4.136964597],"iteration":411,"passed_time":0.3077240525,"remaining_time":0.4391789875},
{"learn":[4.133773523],"iteration":412,"passed_time":0.3082338802,"remaining_time":0.4380951276},
{"learn":[4.131363444],"iteration":413,"passed_time":0.3087396296,"remaining_time":0.437008268},
{"learn":[4.130228592],"iteration":414,"passed_time":0.309229082,"remaining_time":0.4359012361},
{"learn":[4.12884186],"iteration":415,"passed_time":0.3097333385,"remaining_time":0.4348179559},
{"learn":[4.12413494],"iteration":416,"passed_time":0.3102333181,"remaining_time":0.4337314736},
{"learn":[4.119422508],"iteration":417,"passed_time":0.3107444017,"remaining_time":0.4326632579},
{"learn":[4.117038244],"iteration":418,"passed_time":0.3112442704,"remaining_time":0.4315821506},
{"learn":[4.116067631],"iteration":419,"passed_time":0.3117205989,"remaining_time":0.4304713032},
{"learn":[4.110343455],"iteration":420,"passed_time":0.3122429807,"remaining_time":0.4294268072},
{"learn":[4.105604544],"iteration":421,"passed_time":0.312734606,"remaining_time":0.4283426594},
{"learn":[4.103390131],"iteration":422,"passed_time":0.3132399499,"remaining_time":0.4272800262},
{"learn":[4.096724402],"iteration":423,"passed_time":0.3137306986,"remaining_time":0.4262001944},
{"learn":[4.093431279],"iteration":424,"passed_time":0.3142404878,"remaining_time":0.4251488953},
{"learn":[4.091412744],"iteration":425,"passed_time":0.3147448268,"remaining_time":0.4240927948},
{"learn":[4.091192901],"iteration":426,"passed_time":0.3152438582,"remaining_time":0.4230321563},
{"learn":[4.088994581],"iteration":427,"passed_time":0.3157293348,"remaining_time":0.4219560268},
{"learn":[4.087845355],"iteration":428,"passed_time":0.3162188638,"remaining_time":0.4208880449},
{"learn":[4.083650279],"iteration":429,"passed_time":0.3167222911,"remaining_time":0.4198411766},
{"learn":[4.079840652],"iteration":430,"passed_time":0.3172434017,"remaining_time":0.4188201753},
{"learn":[4.075707828],"iteration":431,"passed_time":0.3177374242,"remaining_time":0.4177658726},
{"learn":[4.071345409],"iteration":432,"passed_time":0.3182165232,"remaining_time":0.4166946158},
{"learn":[4.067460475],"iteration":433,"passed_time":0.3187192131,"remaining_time":0.4156568539},
{"learn":[4.064914749],"iteration":434,"passed_time":0.3192233312,"remaining_time":0.4146234072},
{"learn":[4.063823175],"iteration":435,"passed_time":0.3197202675,"remaining_time":0.4135830983},
{"learn":[4.058898471],"iteration":436,"passed_time":0.320220458,"remaining_time":0.4125494688},
{"learn":[4.054120355],"iteration":437,"passed_time":0.3207254993,"remaining_time":0.4115244991},
{"learn":[4.052715901],"iteration":438,"passed_time":0.3212297057,"remaining_time":0.4105008312},
{"learn":[4.052114167],"iteration":439,"passed_time":0.321718746,"remaining_time":0.4094602221},
{"learn":[4.051377267],"iteration":440,"passed_time":0.322217807,"remaining_time":0.4084348166},
{"learn":[4.049275336],"iteration":441,"passed_time":0.3227041301,"remaining_time":0.4073957118},
{"learn":[4.047099198],"iteration":442,"passed_time":0.3232149878,"remaining_time":0.4063899508},
{"learn":[4.044348685],"iteration":443,"passed_time":0.3237141888,"remaining_time":0.405371822},
{"learn":[4.042822379],"iteration":444,"passed_time":0.3242099514,"remaining_time":0.4043517371},
{"learn":[4.041258611],"iteration":445,"passed_time":0.3247261595,"remaining_time":0.4033593999},
{"learn":[4.040044254],"iteration":446,"passed_time":0.3252388189,"remaining_time":0.4023648028},
{"learn":[4.036860137],"iteration":447,"passed_time":0.3257551346,"remaining_time":0.4013768622},
{"learn":[4.036372284],"iteration":448,"passed_time":0.3262643737,"remaining_time":0.4003823383},
{"learn":[4.03368231],"iteration":449,"passed_time":0.32675629,"remaining_time":0.3993687989},
{"learn":[4.032439519],"iteration":450,"passed_time":0.3272514077,"remaining_time":0.3983614696},
{"learn":[4.032008634],"iteration":451,"passed_time":0.3277557632,"remaining_time":0.3973676067},
{"learn":[4.030034932],"iteration":452,"passed_time":0.3282402719,"remaining_time":0.3963519398},
{"learn":[4.028173412],"iteration":453,"passed_time":0.3287459215,"remaining_time":0.3953640377},
{"learn":[4.023806097],"iteration":454,"passed_time":0.3292643468,"remaining_time":0.3943935583},
{"learn":[4.020239186],"iteration":455,"passed_time":0.3297811905,"remaining_time":0.3934231747},
{"learn":[4.017384838],"iteration":456,"passed_time":0.330288202,"remaining_time":0.3924430934},
{"learn":[4.016468229],"iteration":457,"passed_time":0.3308021146,"remaining_time":0.3914732448},
{"learn":[4.014530169],"iteration":458,"passed_time":0.3313252524,"remaining_time":0.3905162561},
{"learn":[4.012884822],"iteration":459,"passed_time":0.3318255022,"remaining_time":0.3895342852},
{"learn":[4.008924707],"iteration":460,"passed_time":0.3323358022,"remaining_time":0.3885661548},
{"learn":[4.008286778],"iteration":461,"passed_time":0.3328322944,"remaining_time":0.3875839273},
{"learn":[4.006444202],"iteration":462,"passed_time":0.333356796,"remaining_time":0.3866362839},
{"learn":[4.003284363],"iteration":463,"passed_time":0.333848232,"remaining_time":0.385652268},
{"learn":[3.999811484],"iteration":464,"passed_time":0.334381926,"remaining_time":0.3847189901},
{"learn":[3.997483319],"iteration":465,"passed_time":0.3348917954,"remaining_time":0.383760126},
{"learn":[3.99708333],"iteration":466,"passed_time":0.3353999763,"remaining_time":0.3828012578},
{"learn":[3.995860263],"iteration":467,"passed_time":0.3359057369,"remaining_time":0.3818415642},
{"learn":[3.994131111],"iteration":468,"passed_time":0.3364238713,"remaining_time":0.3808978159},
{"learn":[3.993125499],"iteration":469,"passed_time":0.336928593,"remaining_time":0.3799407538},
{"learn":[3.992954084],"iteration":470,"passed_time":0.3374323056,"remaining_time":0.3789844791},
{"learn":[3.990635743],"iteration":471,"passed_time":0.3379363574,"remaining_time":0.3780305015},
{"learn":[3.986678254],"iteration":472,"passed_time":0.3384336842,"remaining_time":0.3770709336},
{"learn":[3.986393291],"iteration":473,"passed_time":0.3389267411,"remaining_time":0.3761085777},
{"learn":[3.986152671],"iteration":474,"passed_time":0.3394215585,"remaining_time":0.3751501436},
{"learn":[3.985596662],"iteration":475,"passed_time":0.3399194616,"remaining_time":0.3741970544},
{"learn":[3.983853457],"iteration":476,"passed_time":0.3404153973,"remaining_time":0.3732437165},
{"learn":[3.983263928],"iteration":477,"passed_time":0.3409247536,"remaining_time":0.3723069484},
{"learn":[3.980067202],"iteration":478,"passed_time":0.3414413579,"remaining_time":0.3713798486},
{"learn":[3.978115407],"iteration":479,"passed_time":0.3420891321,"remaining_time":0.3705965598},
{"learn":[3.972661644],"iteration":480,"passed_time":0.3425984826,"remaining_time":0.369664475},
{"learn":[3.969938254],"iteration":481,"passed_time":0.3431034083,"remaining_time":0.368729389},
{"learn":[3.968211434],"iteration":482,"passed_time":0.3436180101,"remaining_time":0.3678064415},
{"learn":[3.966113368],"iteration":483,"passed_time":0.3441181204,"remaining_time":0.3668697317},
{"learn":[3.962246044],"iteration":484,"passed_time":0.3446412066,"remaining_time":0.3659592193},
{"learn":[3.961319703],"iteration":485,"passed_time":0.3451544673,"remaining_time":0.3650399099},
{"learn":[3.96078191],"iteration":486,"passed_time":0.3456417892,"remaining_time":0.3640949442},
{"learn":[3.958913633],"iteration":487,"passed_time":0.3461514878,"remaining_time":0.3631753314},
{"learn":[3.957428286],"iteration":488,"passed_time":0.346654678,"remaining_time":0.362250594},
{"learn":[3.952641965],"iteration":489,"passed_time":0.3471655963,"remaining_time":0.3613356206},
{"learn":[3.951486786],"iteration":490,"passed_time":0.3476806599,"remaining_time":0.3604265904},
{"learn":[3.94938344],"iteration":491,"passed_time":0.3481911329,"remaining_time":0.3595144218},
{"learn":[3.947297924],"iteration":492,"passed_time":0.3486769911,"remaining_time":0.358578569},
{"learn":[3.946284886],"iteration":493,"passed_time":0.3491695728,"remaining_time":0.3576514247},
{"learn":[3.943288204],"iteration":494,"passed_time":0.3496754571,"remaining_time":0.3567396077},
{"learn":[3.943076488],"iteration":495,"passed_time":0.3501621271,"remaining_time":0.3558099033},
{"learn":[3.942347078],"iteration":496,"passed_time":0.3506591459,"remaining_time":0.3548924555},
{"learn":[3.940251541],"iteration":497,"passed_time":0.3511523035,"remaining_time":0.3539728039},
{"learn":[3.939011019],"iteration":498,"passed_time":0.3516656629,"remaining_time":0.3530751445},
{"learn":[3.938760512],"iteration":499,"passed_time":0.35215035,"remaining_time":0.35215035},
{"learn":[3.934522727],"iteration":500,"passed_time":0.3526693228,"remaining_time":0.3512614612},
{"learn":[3.930091193],"iteration":501,"passed_time":0.3531641286,"remaining_time":0.3503500718},
{"learn":[3.927671752],"iteration":502,"passed_time":0.3536588877,"remaining_time":0.3494402927},
{"learn":[3.927280041],"iteration":503,"passed_time":0.3541525391,"remaining_time":0.3485310702},
{"learn":[3.925987561],"iteration":504,"passed_time":0.3546553562,"remaining_time":0.3476324779},
{"learn":[3.921645957],"iteration":505,"passed_time":0.3551529101,"remaining_time":0.3467303114},
{"learn":[3.920333743],"iteration":506,"passed_time":0.3556603544,"remaining_time":0.3458393584},
{"learn":[3.918659461],"iteration":507,"passed_time":0.3561626226,"remaining_time":0.3449449022},
{"learn":[3.916124385],"iteration":508,"passed_time":0.356657558,"remaining_time":0.3440449135},
{"learn":[3.913849268],"iteration":509,"passed_time":0.3571549156,"remaining_time":0.3431488405},
{"learn":[3.912826119],"iteration":510,"passed_time":0.357657555,"remaining_time":0.3422593824},
{"learn":[3.910034145],"iteration":511,"passed_time":0.3581521581,"remaining_time":0.3413637757},
{"learn":[3.90792379],"iteration":512,"passed_time":0.3587533439,"remaining_time":0.3405709132},
{"learn":[3.907823851],"iteration":513,"passed_time":0.3592486574,"remaining_time":0.3396786916},
{"learn":[3.904527401],"iteration":514,"passed_time":0.3597500221,"remaining_time":0.3387937101},
{"learn":[3.903378283],"iteration":515,"passed_time":0.3602590345,"remaining_time":0.337917389},
{"learn":[3.902170135],"iteration":516,"passed_time":0.360758084,"remaining_time":0.337033181},
{"learn":[3.899435429],"iteration":517,"passed_time":0.3612347055,"remaining_time":0.3361295908},
{"learn":[3.897497505],"iteration":518,"passed_time":0.3617337827,"remaining_time":0.3352484576},
{"learn":[3.896426119],"iteration":519,"passed_time":0.3622396671,"remaining_time":0.3343750773},
{"learn":[3.896044669],"iteration":520,"passed_time":0.3627525624,"remaining_time":0.3335095535},
{"learn":[3.892795942],"iteration":521,"passed_time":0.363250871,"remaining_time":0.3326320237},
{"learn":[3.892413888],"iteration":522,"passed_time":0.3637386258,"remaining_time":0.3317463183},
{"learn":[3.891738985],"iteration":523,"passed_time":0.3642254874,"remaining_time":0.3308613206},
{"learn":[3.88822057],"iteration":524,"passed_time":0.3647433985,"remaining_time":0.330005932},
{"learn":[3.883837053],"iteration":525,"passed_time":0.3652507638,"remaining_time":0.3291423233},
{"learn":[3.881769742],"iteration":526,"passed_time":0.3657584383,"remaining_time":0.328280344},
{"learn":[3.880356898],"iteration":527,"passed_time":0.3662743577,"remaining_time":0.3274270773},
{"learn":[3.879250273],"iteration":528,"passed_time":0.3667823081,"remaining_time":0.3265679908},
{"learn":[3.877174493],"iteration":529,"passed_time":0.3672902852,"remaining_time":0.3257102529},
{"learn":[3.875854201],"iteration":530,"passed_time":0.3678301872,"remaining_time":0.3248820298},
{"learn":[3.873189396],"iteration":531,"passed_time":0.3683344977,"remaining_time":0.3240235807},
{"learn":[3.871583368],"iteration":532,"passed_time":0.3688274505,"remaining_time":0.3231565092},
{"learn":[3.869622679],"iteration":533,"passed_time":0.3693246413,"remaining_time":0.3222945371},
{"learn":[3.866860164],"iteration":534,"passed_time":0.369812088,"remaining_time":0.3214254597},
{"learn":[3.864498444],"iteration":535,"passed_time":0.3703199128,"remaining_time":0.3205754469},
{"learn":[3.861416322],"iteration":536,"passed_time":0.3708259965,"remaining_time":0.3197252074},
{"learn":[3.860265769],"iteration":537,"passed_time":0.3713222925,"remaining_time":0.3188678423},
{"learn":[3.859328725],"iteration":538,"passed_time":0.3718324414,"remaining_time":0.3180236651},
{"learn":[3.858521278],"iteration":539,"passed_time":0.3723346444,"remaining_time":0.3171739564},
{"learn":[3.85599111],"iteration":540,"passed_time":0.3728342563,"remaining_time":0.3163233339},
{"learn":[3.852379816],"iteration":541,"passed_time":0.3733383983,"remaining_time":0.3154778347},
{"learn":[3.851327537],"iteration":542,"passed_time":0.3738604787,"remaining_time":0.3146486902},
{"learn":[3.847854898],"iteration":543,"passed_time":0.3743564575,"remaining_time":0.3137987953},
{"learn":[3.847083414],"iteration":544,"passed_time":0.3748379082,"remaining_time":0.3129380702},
{"learn":[3.845397429],"iteration":545,"passed_time":0.3753387332,"remaining_time":0.3120948441},
{"learn":[3.841933528],"iteration":546,"passed_time":0.3758423988,"remaining_time":0.3112552224},
{"learn":[3.840996474],"iteration":547,"passed_time":0.3763446327,"remaining_time":0.3104156459},
{"learn":[3.838355966],"iteration":548,"passed_time":0.3768381846,"remaining_time":0.3095701662},
{"learn":[3.83342799],"iteration":549,"passed_time":0.3773325586,"remaining_time":0.3087266389},
{"learn":[3.828161535],"iteration":550,"passed_time":0.3778520861,"remaining_time":0.3079048759},
{"learn":[3.823502399],"iteration":551,"passed_time":0.3783637548,"remaining_time":0.30707783},
{"learn":[3.820068862],"iteration":552,"passed_time":0.3788717238,"remaining_time":0.3062489341},
{"learn":[3.817951642],"iteration":553,"passed_time":0.3793827211,"remaining_time":0.3054236346},
{"learn":[3.815785958],"iteration":554,"passed_time":0.3798772362,"remaining_time":0.3045862525},
{"learn":[3.81503012],"iteration":555,"passed_time":0.3803839956,"remaining_time":0.3037598814},
{"learn":[3.813529315],"iteration":556,"passed_time":0.3808767179,"remaining_time":0.3029234938},
{"learn":[3.808881326],"iteration":557,"passed_time":0.3813688035,"remaining_time":0.3020878336},
{"learn":[3.808740434],"iteration":558,"passed_time":0.3818700374,"remaining_time":0.3012606199},
{"learn":[3.80714352],"iteration":559,"passed_time":0.3823663497,"remaining_time":0.3004307033},
{"learn":[3.80573346],"iteration":560,"passed_time":0.3828700499,"remaining_time":0.2996077574},
{"learn":[3.803370052],"iteration":561,"passed_time":0.3833582973,"remaining_time":0.2987739043},
{"learn":[3.803215211],"iteration":562,"passed_time":0.3838641909,"remaining_time":0.2979549759},
{"learn":[3.801309667],"iteration":563,"passed_time":0.3843517876,"remaining_time":0.2971230131},
{"learn":[3.800003847],"iteration":564,"passed_time":0.3848648159,"remaining_time":0.2963118494},
{"learn":[3.798026138],"iteration":565,"passed_time":0.3853719018,"remaining_time":0.2954971826},
{"learn":[3.794745847],"iteration":566,"passed_time":0.3859030323,"remaining_time":0.294701963},
{"learn":[3.794312041],"iteration":567,"passed_time":0.3863788748,"remaining_time":0.2938656231},
{"learn":[3.792205926],"iteration":568,"passed_time":0.3868960288,"remaining_time":0.2930618426},
{"learn":[3.788991061],"iteration":569,"passed_time":0.3874067971,"remaining_time":0.2922542505},
{"learn":[3.787391572],"iteration":570,"passed_time":0.3879345108,"remaining_time":0.2914604293},
{"learn":[3.7826445],"iteration":571,"passed_time":0.3884588281,"remaining_time":0.2906649973},
{"learn":[3.781700331],"iteration":572,"passed_time":0.3889584801,"remaining_time":0.2898521309},
{"learn":[3.780045374],"iteration":573,"passed_time":0.3894608135,"remaining_time":0.2890423459},
{"learn":[3.775462644],"iteration":574,"passed_time":0.3900174578,"remaining_time":0.2882737732},
{"learn":[3.773711943],"iteration":575,"passed_time":0.3905331902,"remaining_time":0.2874758206},
{"learn":[3.772415806],"iteration":576,"passed_time":0.3910423507,"remaining_time":0.2866740283},
{"learn":[3.770170875],"iteration":577,"passed_time":0.3915306185,"remaining_time":0.2858579948},
{"learn":[3.765166479],"iteration":578,"passed_time":0.3920377892,"remaining_time":0.2850568381},
{"learn":[3.763976102],"iteration":579,"passed_time":0.3925454594,"remaining_time":0.2842570568},
{"learn":[3.760761708],"iteration":580,"passed_time":0.3930616328,"remaining_time":0.2834644133},
{"learn":[3.758155662],"iteration":581,"passed_time":0.3935531814,"remaining_time":0.2826550341},
{"learn":[3.756844548],"iteration":582,"passed_time":0.3940594458,"remaining_time":0.2818572708},
{"learn":[3.753098923],"iteration":583,"passed_time":0.3945664492,"remaining_time":0.2810610323},
{"learn":[3.751618946],"iteration":584,"passed_time":0.395073456,"remaining_time":0.280265785},
{"learn":[3.751398464],"iteration":585,"passed_time":0.3955644718,"remaining_time":0.2794602241},
{"learn":[3.749920103],"iteration":586,"passed_time":0.3960541304,"remaining_time":0.27865478},
{"learn":[3.748237465],"iteration":587,"passed_time":0.3965575601,"remaining_time":0.2778600591},
{"learn":[3.746021536],"iteration":588,"passed_time":0.3970647065,"remaining_time":0.2770689208},
{"learn":[3.74417648],"iteration":589,"passed_time":0.3975696344,"remaining_time":0.2762772036},
{"learn":[3.738788389],"iteration":590,"passed_time":0.3980806024,"remaining_time":0.2754906369},
{"learn":[3.736021611],"iteration":591,"passed_time":0.3985836793,"remaining_time":0.2746995628},
{"learn":[3.734546151],"iteration":592,"passed_time":0.3990849696,"remaining_time":0.2739082338},
{"learn":[3.733527479],"iteration":593,"passed_time":0.3995922524,"remaining_time":0.2731219772},
{"learn":[3.733026392],"iteration":594,"passed_time":0.4000778331,"remaining_time":0.2723218864},
{"learn":[3.730314752],"iteration":595,"passed_time":0.4005969103,"remaining_time":0.2715455566},
{"learn":[3.727342596],"iteration":596,"passed_time":0.401091469,"remaining_time":0.2707535377},
{"learn":[3.725459604],"iteration":597,"passed_time":0.4015989673,"remaining_time":0.2699712121},
{"learn":[3.723158842],"iteration":598,"passed_time":0.4021196766,"remaining_time":0.2691986483},
{"learn":[3.722362756],"iteration":599,"passed_time":0.4026235634,"remaining_time":0.2684157089},
{"learn":[3.721443615],"iteration":600,"passed_time":0.4031033265,"remaining_time":0.2676176826},
{"learn":[3.720743486],"iteration":601,"passed_time":0.4035940328,"remaining_time":0.2668279486},
{"learn":[3.720215334],"iteration":602,"passed_time":0.4040924355,"remaining_time":0.2660442734},
{"learn":[3.719436563],"iteration":603,"passed_time":0.4045913088,"remaining_time":0.2652618515},
{"learn":[3.715046574],"iteration":604,"passed_time":0.405105354,"remaining_time":0.2644902725},
{"learn":[3.71443396],"iteration":605,"passed_time":0.4056116427,"remaining_time":0.2637145004},
{"learn":[3.712938941],"iteration":606,"passed_time":0.4061308791,"remaining_time":0.2629479992},
{"learn":[3.712814764],"iteration":607,"passed_time":0.4066191045,"remaining_time":0.2621623174},
{"learn":[3.71235348],"iteration":608,"passed_time":0.4071261684,"remaining_time":0.2613897075},
{"learn":[3.711223749],"iteration":609,"passed_time":0.4076317455,"remaining_time":0.2606170176},
{"learn":[3.710755648],"iteration":610,"passed_time":0.4081387442,"remaining_time":0.2598461072},
{"learn":[3.708668039],"iteration":611,"passed_time":0.4086418177,"remaining_time":0.2590735707},
{"learn":[3.705623591],"iteration":612,"passed_time":0.4091486172,"remaining_time":0.2583042656},
{"learn":[3.704045802],"iteration":613,"passed_time":0.4096418456,"remaining_time":0.2575272841},
{"learn":[3.699915209],"iteration":614,"passed_time":0.4101376525,"remaining_time":0.2567528394},
{"learn":[3.696182221],"iteration":615,"passed_time":0.410648974,"remaining_time":0.2559889708},
{"learn":[3.694263278],"iteration":616,"passed_time":0.4111430732,"remaining_time":0.2552152302},
{"learn":[3.693810229],"iteration":617,"passed_time":0.4116488384,"remaining_time":0.2544496056},
{"learn":[3.690900932],"iteration":618,"passed_time":0.4121550666,"remaining_time":0.2536851056},
{"learn":[3.688020895],"iteration":619,"passed_time":0.4126621432,"remaining_time":0.2529219588},
{"learn":[3.685491894],"iteration":620,"passed_time":0.4131891535,"remaining_time":0.2521718022},
{"learn":[3.684328128],"iteration":621,"passed_time":0.4136752507,"remaining_time":0.2513974996},
{"learn":[3.680640153],"iteration":622,"passed_time":0.4141880373,"remaining_time":0.250640273},
{"learn":[3.678932783],"iteration":623,"passed_time":0.4146761289,"remaining_time":0.2498689495},
{"learn":[3.674167041],"iteration":624,"passed_time":0.4151676625,"remaining_time":0.2491005975},
{"learn":[3.672200976],"iteration":625,"passed_time":0.4156690028,"remaining_time":0.2483389889},
{"learn":[3.670606604],"iteration":626,"passed_time":0.4161963315,"remaining_time":0.2475936709},
{"learn":[3.665506042],"iteration":627,"passed_time":0.416691268,"remaining_time":0.2468298594},
{"learn":[3.664214007],"iteration":628,"passed_time":0.4172047669,"remaining_time":0.2460778514},
{"learn":[3.66261643],"iteration":629,"passed_time":0.4177064018,"remaining_time":0.2453196328},
{"learn":[3.662118449],"iteration":630,"passed_time":0.4182124419,"remaining_time":0.2445648036},
{"learn":[3.660871366],"iteration":631,"passed_time":0.4187104298,"remaining_time":0.243806073},
{"learn":[3.656695243],"iteration":632,"passed_time":0.41921755,"remaining_time":0.243053461},
{"learn":[3.654497801],"iteration":633,"passed_time":0.4197178812,"remaining_time":0.2422977043},
{"learn":[3.654189134],"iteration":634,"passed_time":0.420225455,"remaining_time":0.2415469151},
{"learn":[3.653957699],"iteration":635,"passed_time":0.4207256845,"remaining_time":0.2407926873},
{"learn":[3.651920725],"iteration":636,"passed_time":0.4212091338,"remaining_time":0.2400296948},
{"learn":[3.65106705],"iteration":637,"passed_time":0.4217055147,"remaining_time":0.2392749159},
{"learn":[3.650612844],"iteration":638,"passed_time":0.4222055048,"remaining_time":0.2385229847},
{"learn":[3.649884732],"iteration":639,"passed_time":0.42270332,"remaining_time":0.2377706175},
{"learn":[3.646276182],"iteration":640,"passed_time":0.4232419172,"remaining_time":0.237041885},
{"learn":[3.645808194],"iteration":641,"passed_time":0.4237425144,"remaining_time":0.2362925547},
{"learn":[3.645042989],"iteration":642,"passed_time":0.4242687159,"remaining_time":0.2355582139},
{"learn":[3.639864499],"iteration":643,"passed_time":0.424770424,"remaining_time":0.2348109797},
{"learn":[3.637318478],"iteration":644,"passed_time":0.4252674806,"remaining_time":0.2340619467},
{"learn":[3.636344905],"iteration":645,"passed_time":0.4257578997,"remaining_time":0.2333100565},
{"learn":[3.634754643],"iteration":646,"passed_time":0.4262668994,"remaining_time":0.2325691121},
{"learn":[3.630724975],"iteration":647,"passed_time":0.426772078,"remaining_time":0.2318268078},
{"learn":[3.629408252],"iteration":648,"passed_time":0.427271336,"remaining_time":0.2310820323},
{"learn":[3.62790646],"iteration":649,"passed_time":0.4277709722,"remaining_time":0.2303382158},
{"learn":[3.627388973],"iteration":650,"passed_time":0.428285549,"remaining_time":0.2296031591},
{"learn":[3.625163557],"iteration":651,"passed_time":0.4287922833,"remaining_time":0.2288645929},
{"learn":[3.623701985],"iteration":652,"passed_time":0.4292906389,"remaining_time":0.2281222844},
{"learn":[3.622342639],"iteration":653,"passed_time":0.4297955245,"remaining_time":0.2273841766},
{"learn":[3.621130639],"iteration":654,"passed_time":0.4302856607,"remaining_time":0.2266390121},
{"learn":[3.619125665],"iteration":655,"passed_time":0.4307997144,"remaining_time":0.2259071673},
{"learn":[3.618878783],"iteration":656,"passed_time":0.4312873273,"remaining_time":0.2251621815},
{"learn":[3.616207429],"iteration":657,"passed_time":0.4317902438,"remaining_time":0.2244259322},
{"learn":[3.61206486],"iteration":658,"passed_time":0.4323081311,"remaining_time":0.2236981376},
{"learn":[3.611955873],"iteration":659,"passed_time":0.432802307,"remaining_time":0.2229587642},
{"learn":[3.610713743],"iteration":660,"passed_time":0.4332979331,"remaining_time":0.2222208764},
{"learn":[3.610044025],"iteration":661,"passed_time":0.433787569,"remaining_time":0.2214806621},
{"learn":[3.607342669],"iteration":662,"passed_time":0.4342972067,"remaining_time":0.2207513705},
{"learn":[3.602510618],"iteration":663,"passed_time":0.4347975633,"remaining_time":0.2200180441},
{"learn":[3.600492392],"iteration":664,"passed_time":0.4352999402,"remaining_time":0.2192864361},
{"learn":[3.597171065],"iteration":665,"passed_time":0.4357943282,"remaining_time":0.2185515099},
{"learn":[3.594358798],"iteration":666,"passed_time":0.4363105189,"remaining_time":0.2178281901},
{"learn":[3.593945251],"iteration":667,"passed_time":0.4367989371,"remaining_time":0.2170916873},
{"learn":[3.593607748],"iteration":668,"passed_time":0.4372975032,"remaining_time":0.216360947},
{"learn":[3.592238714],"iteration":669,"passed_time":0.4377949071,"remaining_time":0.2156303274},
{"learn":[3.590144654],"iteration":670,"passed_time":0.438302639,"remaining_time":0.2149054668},
{"learn":[3.587151536],"iteration":671,"passed_time":0.4388162856,"remaining_time":0.2141841394},
{"learn":[3.586070865],"iteration":672,"passed_time":0.4393043622,"remaining_time":0.2134510051},
{"learn":[3.585102746],"iteration":673,"passed_time":0.4397940023,"remaining_time":0.2127193542},
{"learn":[3.584362847],"iteration":674,"passed_time":0.4402889974,"remaining_time":0.2119909988},
{"learn":[3.581407561],"iteration":675,"passed_time":0.4407989331,"remaining_time":0.2112704946},
{"learn":[3.57919422],"iteration":676,"passed_time":0.4412842277,"remaining_time":0.2105388561},
{"learn":[3.577632204],"iteration":677,"passed_time":0.4417801287,"remaining_time":0.2098129815},
{"learn":[3.573911195],"iteration":678,"passed_time":0.4422813916,"remaining_time":0.2090903191},
{"learn":[3.573408216],"iteration":679,"passed_time":0.4427736251,"remaining_time":0.2083640589},
{"learn":[3.571076482],"iteration":680,"passed_time":0.4432660934,"remaining_time":0.2076385959},
{"learn":[3.568177107],"iteration":681,"passed_time":0.4438016049,"remaining_time":0.2069338862},
{"learn":[3.564824621],"iteration":682,"passed_time":0.4443797714,"remaining_time":0.2062494693},
{"learn":[3.562475026],"iteration":683,"passed_time":0.4449119265,"remaining_time":0.2055441064},
{"learn":[3.561226889],"iteration":684,"passed_time":0.4454831668,"remaining_time":0.2048572227},
{"learn":[3.559383467],"iteration":685,"passed_time":0.4460525194,"remaining_time":0.2041698121},
{"learn":[3.555209766],"iteration":686,"passed_time":0.4465983246,"remaining_time":0.2034720169},
{"learn":[3.55345383],"iteration":687,"passed_time":0.4471644115,"remaining_time":0.202783861},
{"learn":[3.552300968],"iteration":688,"passed_time":0.4476781502,"remaining_time":0.2020724306},
{"learn":[3.551253986],"iteration":689,"passed_time":0.4497898767,"remaining_time":0.2020795098},
{"learn":[3.549807725],"iteration":690,"passed_time":0.4509839644,"remaining_time":0.2016701086},
{"learn":[3.547992926],"iteration":691,"passed_time":0.4521333766,"remaining_time":0.2012385549},
{"learn":[3.545438607],"iteration":692,"passed_time":0.4534869353,"remaining_time":0.2008953667},
{"learn":[3.543313763],"iteration":693,"passed_time":0.4547264053,"remaining_time":0.2004989626},
{"learn":[3.542962896],"iteration":694,"passed_time":0.4562402487,"remaining_time":0.2002205408},
{"learn":[3.539800465],"iteration":695,"passed_time":0.4568962215,"remaining_time":0.1995638669},
{"learn":[3.53953187],"iteration":696,"passed_time":0.4592083917,"remaining_time":0.1996271775},
{"learn":[3.536332425],"iteration":697,"passed_time":0.460259986,"remaining_time":0.1991382747},
{"learn":[3.534993327],"iteration":698,"passed_time":0.4613718669,"remaining_time":0.1986737224},
{"learn":[3.531637011],"iteration":699,"passed_time":0.4619205839,"remaining_time":0.1979659645},
{"learn":[3.531040284],"iteration":700,"passed_time":0.4624578273,"remaining_time":0.1972537666},
{"learn":[3.529973872],"iteration":701,"passed_time":0.4630267432,"remaining_time":0.1965555121},
{"learn":[3.527325183],"iteration":702,"passed_time":0.4635591439,"remaining_time":0.1958421988},
{"learn":[3.527200815],"iteration":703,"passed_time":0.4640634589,"remaining_time":0.1951175907},
{"learn":[3.523459911],"iteration":704,"passed_time":0.4659301362,"remaining_time":0.194963674},
{"learn":[3.522729934],"iteration":705,"passed_time":0.4673243454,"remaining_time":0.1946081552},
{"learn":[3.522260582],"iteration":706,"passed_time":0.4679734264,"remaining_time":0.1939408966},
{"learn":[3.518641591],"iteration":707,"passed_time":0.4685904771,"remaining_time":0.1932604793},
{"learn":[3.516856405],"iteration":708,"passed_time":0.469856696,"remaining_time":0.1928466834},
{"learn":[3.515083413],"iteration":709,"passed_time":0.4705093337,"remaining_time":0.1921798687},
{"learn":[3.514671214],"iteration":710,"passed_time":0.4714828811,"remaining_time":0.1916435339},
{"learn":[3.512617621],"iteration":711,"passed_time":0.4720193281,"remaining_time":0.1909291664},
{"learn":[3.510747971],"iteration":712,"passed_time":0.4725924375,"remaining_time":0.1902300555},
{"learn":[3.508149266],"iteration":713,"passed_time":0.4731734538,"remaining_time":0.1895344647},
{"learn":[3.504557165],"iteration":714,"passed_time":0.4738791007,"remaining_time":0.1888888723},
{"learn":[3.501367208],"iteration":715,"passed_time":0.4763051722,"remaining_time":0.1889255152},
{"learn":[3.497593362],"iteration":716,"passed_time":0.4778080381,"remaining_time":0.1885908993},
{"learn":[3.496291169],"iteration":717,"passed_time":0.4790630203,"remaining_time":0.1881556709},
{"learn":[3.49330374],"iteration":718,"passed_time":0.4802682379,"remaining_time":0.1876987133},
{"learn":[3.490044385],"iteration":719,"passed_time":0.4817182993,"remaining_time":0.1873348942},
{"learn":[3.488891789],"iteration":720,"passed_time":0.4829180878,"remaining_time":0.1868712157},
{"learn":[3.486869081],"iteration":721,"passed_time":0.484116178,"remaining_time":0.1864048442},
{"learn":[3.486303638],"iteration":722,"passed_time":0.4852889761,"remaining_time":0.1859267585},
{"learn":[3.486035862],"iteration":723,"passed_time":0.4864434822,"remaining_time":0.1854397805},
{"learn":[3.482668951],"iteration":724,"passed_time":0.4876117572,"remaining_time":0.1849561838},
{"learn":[3.47820549],"iteration":725,"passed_time":0.4887260125,"remaining_time":0.1844503133},
{"learn":[3.474392283],"iteration":726,"passed_time":0.4900003294,"remaining_time":0.1840028747},
{"learn":[3.472268163],"iteration":727,"passed_time":0.4911155068,"remaining_time":0.1834937059},
{"learn":[3.471209164],"iteration":728,"passed_time":0.4922377011,"remaining_time":0.1829854828},
{"learn":[3.470049971],"iteration":729,"passed_time":0.4935102744,"remaining_time":0.1825311974},
{"learn":[3.469078654],"iteration":730,"passed_time":0.4942102687,"remaining_time":0.1818639703},
{"learn":[3.468643292],"iteration":731,"passed_time":0.4947555231,"remaining_time":0.1811400003},
{"learn":[3.468134848],"iteration":732,"passed_time":0.4952764972,"remaining_time":0.1804076736},
{"learn":[3.467820182],"iteration":733,"passed_time":0.4957749272,"remaining_time":0.1796677529},
{"learn":[3.465776156],"iteration":734,"passed_time":0.496316767,"remaining_time":0.1789441405},
{"learn":[3.463037608],"iteration":735,"passed_time":0.4969440074,"remaining_time":0.1782516548},
{"learn":[3.45965637],"iteration":736,"passed_time":0.4975484898,"remaining_time":0.177551225},
{"learn":[3.457275091],"iteration":737,"passed_time":0.4981026358,"remaining_time":0.1768331851},
{"learn":[3.455522955],"iteration":738,"passed_time":0.4986552793,"remaining_time":0.176115058},
{"learn":[3.451270508],"iteration":739,"passed_time":0.4992530552,"remaining_time":0.1754132356},
{"learn":[3.450978947],"iteration":740,"passed_time":0.49987295,"remaining_time":0.1747194252},
{"learn":[3.450608492],"iteration":741,"passed_time":0.5004867204,"remaining_time":0.1740236844},
{"learn":[3.448122004],"iteration":742,"passed_time":0.50116128,"remaining_time":0.1733491911},
{"learn":[3.445646714],"iteration":743,"passed_time":0.5019442765,"remaining_time":0.1727120091},
{"learn":[3.44411263],"iteration":744,"passed_time":0.5026973228,"remaining_time":0.1720641843},
{"learn":[3.443264164],"iteration":745,"passed_time":0.5034399135,"remaining_time":0.1714125175},
{"learn":[3.439521363],"iteration":746,"passed_time":0.5041576377,"remaining_time":0.1707521852},
{"learn":[3.436809225],"iteration":747,"passed_time":0.5047142955,"remaining_time":0.1700374365},
{"learn":[3.435509465],"iteration":748,"passed_time":0.5054609102,"remaining_time":0.169386767},
{"learn":[3.434450277],"iteration":749,"passed_time":0.5060982107,"remaining_time":0.1686994036},
{"learn":[3.431786753],"iteration":750,"passed_time":0.5067228214,"remaining_time":0.1680079661},
{"learn":[3.430150302],"iteration":751,"passed_time":0.5072918853,"remaining_time":0.1672983877},
{"learn":[3.42696281],"iteration":752,"passed_time":0.5078365279,"remaining_time":0.1665811718},
{"learn":[3.426870334],"iteration":753,"passed_time":0.5085011152,"remaining_time":0.1659035469},
{"learn":[3.425200309],"iteration":754,"passed_time":0.5090410535,"remaining_time":0.1651855074},
{"learn":[3.423383783],"iteration":755,"passed_time":0.5095585903,"remaining_time":0.164460709},
{"learn":[3.422752979],"iteration":756,"passed_time":0.5100526129,"remaining_time":0.1637289101},
{"learn":[3.420845924],"iteration":757,"passed_time":0.5105772066,"remaining_time":0.1630074987},
{"learn":[3.418917862],"iteration":758,"passed_time":0.5113367643,"remaining_time":0.1623612124},
{"learn":[3.417095735],"iteration":759,"passed_time":0.5118665477,"remaining_time":0.1616420677},
{"learn":[3.414391848],"iteration":760,"passed_time":0.5123937869,"remaining_time":0.1609226216},
{"learn":[3.41426711],"iteration":761,"passed_time":0.5128869756,"remaining_time":0.1601930449},
{"learn":[3.411976013],"iteration":762,"passed_time":0.513393193,"remaining_time":0.1594681347},
{"learn":[3.408614844],"iteration":763,"passed_time":0.5139131383,"remaining_time":0.1587480375},
{"learn":[3.407906721],"iteration":764,"passed_time":0.5144041175,"remaining_time":0.1580195655},
{"learn":[3.407494015],"iteration":765,"passed_time":0.5150796103,"remaining_time":0.1573480794},
{"learn":[3.406287128],"iteration":766,"passed_time":0.5156097799,"remaining_time":0.1566324364},
{"learn":[3.404600442],"iteration":767,"passed_time":0.5161149288,"remaining_time":0.1559097181},
{"learn":[3.404012662],"iteration":768,"passed_time":0.5166024214,"remaining_time":0.1551822618},
{"learn":[3.400398762],"iteration":769,"passed_time":0.517104693,"remaining_time":0.1544598434},
{"learn":[3.399737714],"iteration":770,"passed_time":0.5176043485,"remaining_time":0.1537372189},
{"learn":[3.399185251],"iteration":771,"passed_time":0.5181015211,"remaining_time":0.1530144389},
{"learn":[3.397245411],"iteration":772,"passed_time":0.5185996868,"remaining_time":0.1522925341},
{"learn":[3.396229831],"iteration":773,"passed_time":0.5191020159,"remaining_time":0.1515724232},
{"learn":[3.394002836],"iteration":774,"passed_time":0.5196210129,"remaining_time":0.1508577134},
{"learn":[3.389617243],"iteration":775,"passed_time":0.5201120125,"remaining_time":0.1501354263},
{"learn":[3.385426488],"iteration":776,"passed_time":0.5206076934,"remaining_time":0.149415078},
{"learn":[3.385072258],"iteration":777,"passed_time":0.5210924668,"remaining_time":0.1486921949},
{"learn":[3.383842366],"iteration":778,"passed_time":0.5216097412,"remaining_time":0.1479791435},
{"learn":[3.380110746],"iteration":779,"passed_time":0.5221022072,"remaining_time":0.1472595969},
{"learn":[3.378595218],"iteration":780,"passed_time":0.5226044858,"remaining_time":0.1465433833},
{"learn":[3.377371219],"iteration":781,"passed_time":0.5231007074,"remaining_time":0.1458260284},
{"learn":[3.375814782],"iteration":782,"passed_time":0.5236936017,"remaining_time":0.1451360301},
{"learn":[3.374195887],"iteration":783,"passed_time":0.524190215,"remaining_time":0.1444197531},
{"learn":[3.373704309],"iteration":784,"passed_time":0.5247031196,"remaining_time":0.1437084977},
{"learn":[3.372971757],"iteration":785,"passed_time":0.5252172862,"remaining_time":0.1429980907},
{"learn":[3.371565136],"iteration":786,"passed_time":0.5257132593,"remaining_time":0.1422832582},
{"learn":[3.3700309],"iteration":787,"passed_time":0.5262163763,"remaining_time":0.1415709033},
{"learn":[3.368186663],"iteration":788,"passed_time":0.526721911,"remaining_time":0.1408597252},
{"learn":[3.366710398],"iteration":789,"passed_time":0.5272325864,"remaining_time":0.1401504344},
{"learn":[3.364598042],"iteration":790,"passed_time":0.5277547262,"remaining_time":0.1394446748},
{"learn":[3.36348442],"iteration":791,"passed_time":0.5282446264,"remaining_time":0.138730912},
{"learn":[3.362001759],"iteration":792,"passed_time":0.5287654745,"remaining_time":0.1380257922},
{"learn":[3.361580401],"iteration":793,"passed_time":0.529263324,"remaining_time":0.1373151697},
{"learn":[3.359543675],"iteration":794,"passed_time":0.5297836451,"remaining_time":0.136610877},
{"learn":[3.35766119],"iteration":795,"passed_time":0.5303032161,"remaining_time":0.1359068544},
{"learn":[3.354592969],"iteration":796,"passed_time":0.5308227824,"remaining_time":0.1352032934},
{"learn":[3.350985986],"iteration":797,"passed_time":0.5313506677,"remaining_time":0.1345022993},
{"learn":[3.349589624],"iteration":798,"passed_time":0.5318561215,"remaining_time":0.1337960956},
{"learn":[3.349110856],"iteration":799,"passed_time":0.5323787003,"remaining_time":0.1330946751},
{"learn":[3.345315441],"iteration":800,"passed_time":0.5328877987,"remaining_time":0.132390352},
{"learn":[3.34397474],"iteration":801,"passed_time":0.533411194,"remaining_time":0.1316900454},
{"learn":[3.343800902],"iteration":802,"passed_time":0.5339298417,"remaining_time":0.1309890147},
{"learn":[3.342329465],"iteration":803,"passed_time":0.5344494651,"remaining_time":0.1302886756},
{"learn":[3.34220347],"iteration":804,"passed_time":0.534935237,"remaining_time":0.1295805854},
{"learn":[3.341279219],"iteration":805,"passed_time":0.5354462138,"remaining_time":0.1288791135},
{"learn":[3.337329521],"iteration":806,"passed_time":0.5360004905,"remaining_time":0.1281884692},
{"learn":[3.336708453],"iteration":807,"passed_time":0.5365031677,"remaining_time":0.1274859012},
{"learn":[3.333252703],"iteration":808,"passed_time":0.5370255827,"remaining_time":0.1267884874},
{"learn":[3.332186769],"iteration":809,"passed_time":0.5375432761,"remaining_time":0.1260903981},
{"learn":[3.330594851],"iteration":810,"passed_time":0.5380574431,"remaining_time":0.1253919319},
{"learn":[3.327867442],"iteration":811,"passed_time":0.5385495059,"remaining_time":0.1246888019},
{"learn":[3.327563111],"iteration":812,"passed_time":0.5390562448,"remaining_time":0.1239895668},
{"learn":[3.326308994],"iteration":813,"passed_time":0.5395522271,"remaining_time":0.1232883467},
{"learn":[3.326249879],"iteration":814,"passed_time":0.5400490767,"remaining_time":0.1225878272},
{"learn":[3.322336238],"iteration":815,"passed_time":0.5405676647,"remaining_time":0.1218927087},
{"learn":[3.320491154],"iteration":816,"passed_time":0.5410766247,"remaining_time":0.1211958658},
{"learn":[3.320434271],"iteration":817,"passed_time":0.5415654002,"remaining_time":0.1204949912},
{"learn":[3.319609638],"iteration":818,"passed_time":0.5423203581,"remaining_time":0.1198534613},
{"learn":[3.316182682],"iteration":819,"passed_time":0.5428383197,"remaining_time":0.1191596312},
{"learn":[3.313126612],"iteration":820,"passed_time":0.5433641115,"remaining_time":0.1184679366},
{"learn":[3.311222803],"iteration":821,"passed_time":0.5438809814,"remaining_time":0.1177747137},
{"learn":[3.309627335],"iteration":822,"passed_time":0.5444049368,"remaining_time":0.1170834433},
{"learn":[3.307974895],"iteration":823,"passed_time":0.5449083691,"remaining_time":0.1163881953},
{"learn":[3.307321505],"iteration":824,"passed_time":0.5454189736,"remaining_time":0.1156949338},
{"learn":[3.306759087],"iteration":825,"passed_time":0.5459115413,"remaining_time":0.114998315},
{"learn":[3.30484037],"iteration":826,"passed_time":0.5464326026,"remaining_time":0.1143081502},
{"learn":[3.30201994],"iteration":827,"passed_time":0.546937655,"remaining_time":0.1136150684},
{"learn":[3.299302297],"iteration":828,"passed_time":0.5474557423,"remaining_time":0.112925129},
{"learn":[3.298132671],"iteration":829,"passed_time":0.5479707235,"remaining_time":0.1122349675},
{"learn":[3.296976183],"iteration":830,"passed_time":0.548480673,"remaining_time":0.1115442043},
{"learn":[3.293144745],"iteration":831,"passed_time":0.5489999163,"remaining_time":0.1108557523},
{"learn":[3.290284404],"iteration":832,"passed_time":0.5494981297,"remaining_time":0.1101634906},
{"learn":[3.288285745],"iteration":833,"passed_time":0.5500111981,"remaining_time":0.109474651},
{"learn":[3.286662667],"iteration":834,"passed_time":0.5505238761,"remaining_time":0.1087861552},
{"learn":[3.285692682],"iteration":835,"passed_time":0.5510429533,"remaining_time":0.1080993353},
{"learn":[3.284565611],"iteration":836,"passed_time":0.5515326369,"remaining_time":0.1074071921},
{"learn":[3.283897383],"iteration":837,"passed_time":0.5520275757,"remaining_time":0.106716548},
{"learn":[3.280712855],"iteration":838,"passed_time":0.5525435876,"remaining_time":0.1060304143},
{"learn":[3.280468341],"iteration":839,"passed_time":0.5540840757,"remaining_time":0.1055398239},
{"learn":[3.277814895],"iteration":840,"passed_time":0.5550467258,"remaining_time":0.1049374904},
{"learn":[3.276316385],"iteration":841,"passed_time":0.5555662223,"remaining_time":0.1042511439},
{"learn":[3.27557063],"iteration":842,"passed_time":0.5560787673,"remaining_time":0.1035638985},
{"learn":[3.27499628],"iteration":843,"passed_time":0.5565900182,"remaining_time":0.102876828},
{"learn":[3.273569958],"iteration":844,"passed_time":0.5570825,"remaining_time":0.1021867308},
{"learn":[3.269665595],"iteration":845,"passed_time":0.5576006906,"remaining_time":0.1015017806},
{"learn":[3.267984685],"iteration":846,"passed_time":0.5581242944,"remaining_time":0.1008182019},
{"learn":[3.267702508],"iteration":847,"passed_time":0.5586065341,"remaining_time":0.1001275863},
{"learn":[3.266671924],"iteration":848,"passed_time":0.5591300119,"remaining_time":0.09944479599},
{"learn":[3.265359825],"iteration":849,"passed_time":0.5596382465,"remaining_time":0.09875969055},
{"learn":[3.2618983],"iteration":850,"passed_time":0.5601495667,"remaining_time":0.09807554106},
{"learn":[3.260456253],"iteration":851,"passed_time":0.5606556446,"remaining_time":0.09739088662},
{"learn":[3.258389147],"iteration":852,"passed_time":0.5611678037,"remaining_time":0.09670769887},
{"learn":[3.258108469],"iteration":853,"passed_time":0.561659178,"remaining_time":0.0960213583},
{"learn":[3.256424936],"iteration":854,"passed_time":0.5621802196,"remaining_time":0.09534050507},
{"learn":[3.254817983],"iteration":855,"passed_time":0.5626914358,"remaining_time":0.09465837237},
{"learn":[3.253898449],"iteration":856,"passed_time":0.5631868934,"remaining_time":0.09397400905},
{"learn":[3.253023652],"iteration":857,"passed_time":0.5636867725,"remaining_time":0.09329081782},
{"learn":[3.252845542],"iteration":858,"passed_time":0.5641962236,"remaining_time":0.09260962459},
{"learn":[3.252316026],"iteration":859,"passed_time":0.5646978654,"remaining_time":0.09192755948},
{"learn":[3.24975301],"iteration":860,"passed_time":0.5651950573,"remaining_time":0.09124519508},
{"learn":[3.249151075],"iteration":861,"passed_time":0.5656956144,"remaining_time":0.09056379906},
{"learn":[3.246257135],"iteration":862,"passed_time":0.5662048215,"remaining_time":0.08988419531},
{"learn":[3.243826471],"iteration":863,"passed_time":0.5667275823,"remaining_time":0.08920711943},
{"learn":[3.243190653],"iteration":864,"passed_time":0.5672221684,"remaining_time":0.08852600316},
{"learn":[3.24008797],"iteration":865,"passed_time":0.5677194039,"remaining_time":0.08784572762},
{"learn":[3.240036811],"iteration":866,"passed_time":0.5682135351,"remaining_time":0.08716539812},
{"learn":[3.238676314],"iteration":867,"passed_time":0.5687086273,"remaining_time":0.08648564379},
{"learn":[3.237848782],"iteration":868,"passed_time":0.5692126205,"remaining_time":0.08580765626},
{"learn":[3.236405498],"iteration":869,"passed_time":0.5697238379,"remaining_time":0.08513114819},
{"learn":[3.233378068],"iteration":870,"passed_time":0.5702467922,"remaining_time":0.08445675797},
{"learn":[3.233169169],"iteration":871,"passed_time":0.5707373948,"remaining_time":0.08377796621},
{"learn":[3.232434885],"iteration":872,"passed_time":0.5712474472,"remaining_time":0.08310243505},
{"learn":[3.229978115],"iteration":873,"passed_time":0.5717598604,"remaining_time":0.08242762289},
{"learn":[3.229648848],"iteration":874,"passed_time":0.5722545802,"remaining_time":0.08175065432},
{"learn":[3.227208761],"iteration":875,"passed_time":0.5727680541,"remaining_time":0.08107675652},
{"learn":[3.226258869],"iteration":876,"passed_time":0.5732680215,"remaining_time":0.08040133026},
{"learn":[3.225331995],"iteration":877,"passed_time":0.5737734903,"remaining_time":0.07972706812},
{"learn":[3.221968268],"iteration":878,"passed_time":0.5742876102,"remaining_time":0.07905438093},
{"learn":[3.221166317],"iteration":879,"passed_time":0.5748043418,"remaining_time":0.07838241025},
{"learn":[3.220047503],"iteration":880,"passed_time":0.575301812,"remaining_time":0.07770819028},
{"learn":[3.21982781],"iteration":881,"passed_time":0.5758289379,"remaining_time":0.07703833863},
{"learn":[3.216693405],"iteration":882,"passed_time":0.5763504501,"remaining_time":0.07636806644},
{"learn":[3.214798761],"iteration":883,"passed_time":0.5768419197,"remaining_time":0.07569418855},
{"learn":[3.214395085],"iteration":884,"passed_time":0.5773441216,"remaining_time":0.07502211749},
{"learn":[3.213470696],"iteration":885,"passed_time":0.5778562244,"remaining_time":0.07435170381},
{"learn":[3.211595017],"iteration":886,"passed_time":0.5783629094,"remaining_time":0.07368095688},
{"learn":[3.210965255],"iteration":887,"passed_time":0.5788614265,"remaining_time":0.07300954929},
{"learn":[3.209413583],"iteration":888,"passed_time":0.5793857635,"remaining_time":0.0723417545},
{"learn":[3.208331683],"iteration":889,"passed_time":0.5799067283,"remaining_time":0.0716738653},
{"learn":[3.207110711],"iteration":890,"passed_time":0.5804211802,"remaining_time":0.07100550914},
{"learn":[3.204519413],"iteration":891,"passed_time":0.5809511332,"remaining_time":0.07033937487},
{"learn":[3.201421296],"iteration":892,"passed_time":0.5814751047,"remaining_time":0.06967282889},
{"learn":[3.200691259],"iteration":893,"passed_time":0.5819839842,"remaining_time":0.06900481244},
{"learn":[3.200485067],"iteration":894,"passed_time":0.5824843188,"remaining_time":0.06833614914},
{"learn":[3.197467568],"iteration":895,"passed_time":0.5829857957,"remaining_time":0.06766799414},
{"learn":[3.195838544],"iteration":896,"passed_time":0.5834826129,"remaining_time":0.06699967573},
{"learn":[3.195671746],"iteration":897,"passed_time":0.5839698592,"remaining_time":0.06633065216},
{"learn":[3.194213094],"iteration":898,"passed_time":0.5844874403,"remaining_time":0.06566544102},
{"learn":[3.192884691],"iteration":899,"passed_time":0.5849825017,"remaining_time":0.06499805575},
{"learn":[3.188364239],"iteration":900,"passed_time":0.5854815539,"remaining_time":0.0643314915},
{"learn":[3.185219478],"iteration":901,"passed_time":0.5859911172,"remaining_time":0.06366644067},
{"learn":[3.184120387],"iteration":902,"passed_time":0.586508161,"remaining_time":0.06300253779},
{"learn":[3.183725321],"iteration":903,"passed_time":0.5870181676,"remaining_time":0.06233821249},
{"learn":[3.181264554],"iteration":904,"passed_time":0.5875368462,"remaining_time":0.06167513855},
{"learn":[3.180741589],"iteration":905,"passed_time":0.5880350508,"remaining_time":0.06101025913},
{"learn":[3.179782639],"iteration":906,"passed_time":0.5885447197,"remaining_time":0.06034692275},
{"learn":[3.176377564],"iteration":907,"passed_time":0.5890437087,"remaining_time":0.05968284273},
{"learn":[3.174078182],"iteration":908,"passed_time":0.5895759845,"remaining_time":0.05902245829},
{"learn":[3.171242379],"iteration":909,"passed_time":0.5900697495,"remaining_time":0.05835854666},
{"learn":[3.170421012],"iteration":910,"passed_time":0.5905695095,"remaining_time":0.05769559423},
{"learn":[3.170087224],"iteration":911,"passed_time":0.5910763309,"remaining_time":0.05703368105},
{"learn":[3.167303059],"iteration":912,"passed_time":0.5915762685,"remaining_time":0.05637145165},
{"learn":[3.16705966],"iteration":913,"passed_time":0.5920760227,"remaining_time":0.05570956012},
{"learn":[3.165667683],"iteration":914,"passed_time":0.5925976185,"remaining_time":0.05505005199},
{"learn":[3.164689733],"iteration":915,"passed_time":0.5931035638,"remaining_time":0.05438940978},
{"learn":[3.163311455],"iteration":916,"passed_time":0.5936005714,"remaining_time":0.05372829599},
{"learn":[3.159425016],"iteration":917,"passed_time":0.5941296069,"remaining_time":0.05307040062},
{"learn":[3.159327058],"iteration":918,"passed_time":0.5946171867,"remaining_time":0.05240913179},
{"learn":[3.15819426],"iteration":919,"passed_time":0.595126403,"remaining_time":0.051750122},
{"learn":[3.157086603],"iteration":920,"passed_time":0.5956328625,"remaining_time":0.05109120102},
{"learn":[3.153354154],"iteration":921,"passed_time":0.5961302363,"remaining_time":0.05043184212},
{"learn":[3.153261317],"iteration":922,"passed_time":0.5966281953,"remaining_time":0.04977288303},
{"learn":[3.153168454],"iteration":923,"passed_time":0.5971145161,"remaining_time":0.04911331518},
{"learn":[3.152080399],"iteration":924,"passed_time":0.5976240096,"remaining_time":0.04845600078},
{"learn":[3.151635144],"iteration":925,"passed_time":0.5981187056,"remaining_time":0.04779782313},
{"learn":[3.147762655],"iteration":926,"passed_time":0.5986356145,"remaining_time":0.04714174742},
{"learn":[3.147172317],"iteration":927,"passed_time":0.5991501994,"remaining_time":0.04648579133},
{"learn":[3.146254125],"iteration":928,"passed_time":0.5996810971,"remaining_time":0.04583138632},
{"learn":[3.144869828],"iteration":929,"passed_time":0.6001963704,"remaining_time":0.04517607089},
{"learn":[3.143466218],"iteration":930,"passed_time":0.6007052568,"remaining_time":0.04452058294},
{"learn":[3.141919643],"iteration":931,"passed_time":0.6012055456,"remaining_time":0.0438647823},
{"learn":[3.141054135],"iteration":932,"passed_time":0.6016964928,"remaining_time":0.04320864418},
{"learn":[3.139390417],"iteration":933,"passed_time":0.6022075314,"remaining_time":0.04255427952},
{"learn":[3.139025283],"iteration":934,"passed_time":0.602692417,"remaining_time":0.04189840332},
{"learn":[3.137824183],"iteration":935,"passed_time":0.6031855449,"remaining_time":0.04124345606},
{"learn":[3.135620453],"iteration":936,"passed_time":0.6036969569,"remaining_time":0.04059008355},
{"learn":[3.13443178],"iteration":937,"passed_time":0.6042076839,"remaining_time":0.03993696845},
{"learn":[3.132765713],"iteration":938,"passed_time":0.6047287267,"remaining_time":0.03928482676},
{"learn":[3.131434124],"iteration":939,"passed_time":0.6052316282,"remaining_time":0.03863180605},
{"learn":[3.128384262],"iteration":940,"passed_time":0.6057256773,"remaining_time":0.03797854938},
{"learn":[3.128120455],"iteration":941,"passed_time":0.6062327748,"remaining_time":0.03732643411},
{"learn":[3.126314615],"iteration":942,"passed_time":0.6067401135,"remaining_time":0.03667464101},
{"learn":[3.125409666],"iteration":943,"passed_time":0.607246386,"remaining_time":0.03602309069},
{"learn":[3.123072589],"iteration":944,"passed_time":0.6077679156,"remaining_time":0.03537273583},
{"learn":[3.122921099],"iteration":945,"passed_time":0.6082552293,"remaining_time":0.03472070019},
{"learn":[3.122182662],"iteration":946,"passed_time":0.6087690193,"remaining_time":0.03407049422},
{"learn":[3.120040951],"iteration":947,"passed_time":0.6092636956,"remaining_time":0.03341952761},
{"learn":[3.118767799],"iteration":948,"passed_time":0.6097950571,"remaining_time":0.03277086187},
{"learn":[3.118203218],"iteration":949,"passed_time":0.6102937562,"remaining_time":0.03212072401},
{"learn":[3.116343362],"iteration":950,"passed_time":0.6108267856,"remaining_time":0.0314726735},
{"learn":[3.11480829],"iteration":951,"passed_time":0.6113295052,"remaining_time":0.0308233364},
{"learn":[3.112607903],"iteration":952,"passed_time":0.6118441622,"remaining_time":0.03017489572},
{"learn":[3.111661241],"iteration":953,"passed_time":0.6123573131,"remaining_time":0.02952666289},
{"learn":[3.110249676],"iteration":954,"passed_time":0.6128787293,"remaining_time":0.02887910243},
{"learn":[3.107333579],"iteration":955,"passed_time":0.6133975648,"remaining_time":0.02823168708},
{"learn":[3.107149851],"iteration":956,"passed_time":0.6138737942,"remaining_time":0.02758262607},
{"learn":[3.106867336],"iteration":957,"passed_time":0.6143775057,"remaining_time":0.02693513073},
{"learn":[3.10364681],"iteration":958,"passed_time":0.6149091065,"remaining_time":0.0262891276},
{"learn":[3.102703811],"iteration":959,"passed_time":0.6154174914,"remaining_time":0.02564239548},
{"learn":[3.101469264],"iteration":960,"passed_time":0.6159285106,"remaining_time":0.02499605818},
{"learn":[3.09863569],"iteration":961,"passed_time":0.6164497021,"remaining_time":0.02435040403},
{"learn":[3.09645939],"iteration":962,"passed_time":0.6169684575,"remaining_time":0.02370491477},
{"learn":[3.096240186],"iteration":963,"passed_time":0.6174636711,"remaining_time":0.02305880929},
{"learn":[3.094838828],"iteration":964,"passed_time":0.6179904134,"remaining_time":0.02241416007},
{"learn":[3.094176802],"iteration":965,"passed_time":0.6184944995,"remaining_time":0.02176895754},
{"learn":[3.093182279],"iteration":966,"passed_time":0.6190008673,"remaining_time":0.02112412474},
{"learn":[3.090150687],"iteration":967,"passed_time":0.6197591834,"remaining_time":0.02048790689},
{"learn":[3.088612829],"iteration":968,"passed_time":0.6202659142,"remaining_time":0.01984338838},
{"learn":[3.087153684],"iteration":969,"passed_time":0.6207750593,"remaining_time":0.01919922864},
{"learn":[3.085866843],"iteration":970,"passed_time":0.6212876752,"remaining_time":0.01855545065},
{"learn":[3.082669094],"iteration":971,"passed_time":0.6218072712,"remaining_time":0.01791214361},
{"learn":[3.081047548],"iteration":972,"passed_time":0.6223082912,"remaining_time":0.0172685754},
{"learn":[3.079684322],"iteration":973,"passed_time":0.6228257132,"remaining_time":0.01662573772},
{"learn":[3.07613431],"iteration":974,"passed_time":0.6233320624,"remaining_time":0.0159828734},
{"learn":[3.074005935],"iteration":975,"passed_time":0.6238421469,"remaining_time":0.01534038066},
{"learn":[3.072988853],"iteration":976,"passed_time":0.6243580401,"remaining_time":0.01469829572},
{"learn":[3.072344268],"iteration":977,"passed_time":0.6248561151,"remaining_time":0.01405606803},
{"learn":[3.070654438],"iteration":978,"passed_time":0.6253613133,"remaining_time":0.01341428762},
{"learn":[3.069724506],"iteration":979,"passed_time":0.6258573599,"remaining_time":0.01277259918},
{"learn":[3.067763166],"iteration":980,"passed_time":0.6263610563,"remaining_time":0.01213135583},
{"learn":[3.066737893],"iteration":981,"passed_time":0.6268681615,"remaining_time":0.0114904551},
{"learn":[3.065248174],"iteration":982,"passed_time":0.6273875786,"remaining_time":0.01085003951},
{"learn":[3.063186837],"iteration":983,"passed_time":0.6278996656,"remaining_time":0.01020975066},
{"learn":[3.062880371],"iteration":984,"passed_time":0.6283922187,"remaining_time":0.009569424651},
{"learn":[3.061288645],"iteration":985,"passed_time":0.6288966841,"remaining_time":0.008929567523},
{"learn":[3.059970575],"iteration":986,"passed_time":0.6293989331,"remaining_time":0.008289955552},
{"learn":[3.059576341],"iteration":987,"passed_time":0.6298980161,"remaining_time":0.007650583192},
{"learn":[3.058175919],"iteration":988,"passed_time":0.6304239555,"remaining_time":0.007011793236},
{"learn":[3.056830702],"iteration":989,"passed_time":0.6309357881,"remaining_time":0.006373088768},
{"learn":[3.056336579],"iteration":990,"passed_time":0.6314415841,"remaining_time":0.005734585527},
{"learn":[3.055810414],"iteration":991,"passed_time":0.6319509208,"remaining_time":0.005096378393},
{"learn":[3.055476518],"iteration":992,"passed_time":0.6324595805,"remaining_time":0.004458426046},
{"learn":[3.053331734],"iteration":993,"passed_time":0.6329703662,"remaining_time":0.003820746677},
{"learn":[3.050890374],"iteration":994,"passed_time":0.6335004791,"remaining_time":0.003183419493},
{"learn":[3.04972623],"iteration":995,"passed_time":0.6340150408,"remaining_time":0.002546245144},
{"learn":[3.047217327],"iteration":996,"passed_time":0.6345624368,"remaining_time":0.001909415557},
{"learn":[3.047155483],"iteration":997,"passed_time":0.6350471475,"remaining_time":0.001272639574},
{"learn":[3.04430671],"iteration":998,"passed_time":0.6355690251,"remaining_time":0.0006362052304},
{"learn":[3.042664195],"iteration":999,"passed_time":0.6360809479,"remaining_time":0}
]}